,Index1,Bus_Num
0,0,24
1,1,22
2,2,24
3,3,17
4,4,22
5,5,19
6,6,12
7,7,20
8,8,21
9,9,34
10,10,21
11,11,20
12,12,22
13,13,24
14,14,19
15,15,34
16,16,20
17,17,18
18,18,34
19,19,35
20,20,16
21,22,17
22,23,27
23,24,26
24,25,11
25,26,3
26,27,16
27,28,26
28,34,28
29,35,36
30,36,24
31,37,10
32,38,20
33,39,30
34,40,31
35,41,19
36,42,21
37,43,22
38,44,20
39,45,9
40,46,30
41,47,18
42,48,13
43,49,24
44,50,34
45,51,15
46,52,21
47,53,14
48,55,21
49,56,17
50,57,25
51,58,22
52,59,22
53,60,23
54,61,30
55,62,26
56,63,27
57,64,18
58,65,22
59,66,22
60,67,35
61,68,20
62,69,33
63,70,17
64,71,20
65,72,38
66,73,38
67,74,23
68,75,29
69,76,23
70,77,9
71,78,23
72,79,21
73,80,22
74,81,16
75,82,20
76,83,35
77,84,16
78,85,18
79,86,25
80,87,24
81,88,12
82,89,9
83,90,10
84,91,36
85,92,20
86,93,22
87,94,33
88,95,19
89,96,13
90,97,19
91,98,17
92,99,25
93,100,23
94,101,28
95,102,23
96,103,29
97,104,19
98,105,16
99,106,37
100,107,27
101,108,20
102,109,22
103,110,14
104,111,16
105,112,30
106,113,19
107,114,27
108,115,28
109,116,20
110,117,17
111,118,15
112,119,20
113,120,58
114,121,13
115,122,58
116,123,17
117,124,20
118,125,20
119,126,18
120,127,38
121,128,18
122,129,15
123,130,25
124,131,25
125,132,25
126,133,28
127,134,33
128,135,25
129,136,27
130,137,32
131,138,19
132,139,14
133,140,20
134,141,21
135,142,29
136,143,28
137,145,20
138,146,58
139,147,16
140,148,20
141,149,20
142,150,18
143,151,21
144,152,4
145,153,30
146,154,22
147,155,17
148,156,32
149,157,32
150,158,31
151,159,15
152,160,19
153,161,18
154,162,24
155,163,19
156,164,17
157,165,22
158,166,8
159,167,24
160,168,19
161,169,8
162,170,9
163,171,29
164,172,21
165,173,30
166,174,25
167,175,12
168,176,19
169,177,17
170,178,8
171,179,32
172,180,21
173,181,33
174,182,24
175,183,18
176,184,23
177,185,19
178,187,18
179,188,20
180,189,20
181,190,9
182,191,21
183,192,14
184,193,31
185,194,30
186,195,25
187,196,32
188,197,31
189,198,26
190,199,12
191,200,17
192,201,21
193,202,33
194,203,14
195,204,20
196,205,24
197,206,28
198,207,20
199,208,19
200,209,6
201,210,7
202,211,7
203,212,19
204,213,26
205,214,20
206,215,14
207,216,58
208,217,23
209,218,19
210,219,13
211,220,39
212,221,21
213,222,25
214,223,18
215,224,22
216,225,16
217,226,24
218,227,19
219,228,8
220,229,6
221,230,54
222,231,58
223,232,16
224,233,21
225,234,18
226,235,23
227,236,17
228,237,15
229,238,19
230,239,21
231,240,29
232,241,17
233,242,18
234,243,25
235,244,17
236,245,26
237,246,14
238,247,39
239,248,19
240,249,12
241,250,32
242,251,23
243,252,22
244,253,11
245,254,10
246,255,21
247,256,27
248,257,20
249,258,13
250,259,19
251,260,17
252,261,21
253,262,51
254,263,20
255,264,23
256,265,24
257,266,32
258,267,13
259,268,28
260,269,13
261,270,18
262,271,16
263,272,29
264,273,20
265,274,26
266,275,32
267,276,16
268,277,19
269,278,22
270,279,17
271,280,19
272,281,21
273,282,22
274,283,30
275,284,21
276,285,20
277,286,19
278,287,23
279,288,17
280,289,28
281,290,27
282,291,26
283,292,24
284,293,26
285,294,24
286,295,31
287,296,30
288,297,35
289,298,32
290,299,14
291,300,34
292,301,29
293,302,21
294,303,27
295,304,23
296,305,28
297,306,15
298,307,25
299,308,22
300,309,26
301,310,6
302,311,10
303,312,17
304,313,34
305,314,21
306,315,23
307,316,28
308,317,25
309,318,19
310,319,34
311,320,9
312,321,16
313,322,25
314,323,20
315,324,20
316,325,19
317,326,33
318,327,16
319,328,22
320,329,31
321,330,34
322,331,15
323,332,22
324,333,16
325,334,34
326,335,19
327,336,23
328,337,22
329,338,22
330,339,23
331,340,21
332,341,18
333,342,24
334,343,17
335,344,19
336,345,16
337,346,11
338,347,58
339,348,58
340,349,27
341,350,20
342,351,32
343,352,3
344,353,31
345,354,23
346,355,22
347,356,32
348,357,29
349,358,14
350,359,18
351,360,3
352,361,18
353,362,11
354,363,27
355,364,41
356,365,8
357,366,20
358,367,19
359,368,22
360,369,58
361,370,22
362,371,32
363,372,25
364,373,15
365,374,13
366,375,58
367,376,8
368,377,38
369,378,13
370,379,16
371,380,18
372,381,26
373,382,24
374,383,18
375,384,17
376,385,28
377,386,28
378,387,16
379,388,23
380,389,22
381,390,21
382,391,16
383,392,8
384,393,25
385,394,29
386,395,31
387,396,25
388,397,30
389,398,18
390,399,36
391,400,15
392,401,16
393,402,27
394,403,36
395,404,24
396,405,25
397,406,18
398,407,17
399,408,26
400,409,29
401,410,24
402,411,20
403,412,18
404,413,14
405,414,38
406,415,36
407,416,16
408,417,1
409,418,15
410,419,22
411,420,19
412,421,16
413,422,25
414,423,15
415,424,15
416,425,9
417,426,9
418,427,24
419,428,39
420,429,17
421,430,30
422,431,22
423,432,24
424,433,40
425,434,30
426,435,26
427,436,18
428,437,22
429,438,14
430,439,24
431,440,32
432,441,17
433,442,19
434,443,22
435,444,28
436,445,28
437,446,14
438,447,24
439,448,35
440,449,19
441,450,23
442,451,21
443,452,20
444,453,19
445,454,24
446,455,21
447,456,30
448,457,28
449,458,35
450,459,25
451,460,16
452,461,19
453,462,18
454,463,24
455,464,29
456,465,22
457,466,22
458,467,25
459,468,18
460,470,21
461,471,22
462,472,22
463,473,41
464,474,18
465,475,19
466,476,20
467,477,15
468,478,23
469,479,20
470,480,19
471,481,29
472,482,26
473,483,8
474,484,22
475,485,40
476,486,22
477,487,24
478,488,30
479,489,19
480,490,21
481,491,26
482,492,14
483,493,32
484,494,21
485,495,12
486,496,21
487,497,27
488,498,24
489,499,13
490,500,24
491,501,17
492,502,29
493,503,22
494,504,23
495,505,34
496,506,39
497,507,32
498,508,9
499,509,17
500,510,21
501,511,23
502,512,20
503,513,18
504,514,17
505,515,27
506,516,13
507,517,29
508,518,18
509,519,15
510,520,36
511,521,29
512,522,11
513,523,22
514,524,20
515,525,15
516,526,16
517,527,16
518,528,20
519,529,7
520,530,18
521,531,18
522,532,18
523,533,29
524,534,10
525,535,30
526,536,17
527,537,19
528,538,35
529,539,38
530,540,32
531,541,21
532,542,41
533,543,19
534,544,23
535,545,17
536,546,20
537,547,13
538,548,58
539,549,18
540,550,29
541,551,21
542,552,15
543,554,23
544,555,21
545,556,40
546,557,20
547,558,38
548,559,30
549,560,28
550,561,18
551,562,21
552,563,17
553,564,19
554,565,18
555,566,18
556,567,10
557,568,23
558,569,30
559,570,12
560,571,22
561,572,25
562,573,17
563,574,20
564,575,26
565,576,12
566,577,22
567,578,17
568,579,24
569,580,10
570,581,12
571,582,8
572,583,24
573,584,17
574,585,20
575,586,12
576,587,22
577,588,14
578,589,23
579,590,20
580,591,26
581,592,58
582,593,17
583,594,34
584,595,11
585,596,33
586,597,26
587,598,19
588,599,17
589,600,28
590,601,28
591,602,26
592,603,17
593,604,20
594,605,15
595,606,32
596,607,8
597,608,13
598,609,29
599,610,9
600,611,26
601,612,19
602,613,18
603,614,18
604,615,19
605,616,3
606,617,22
607,618,22
608,619,31
609,620,32
610,621,20
611,622,34
612,623,20
613,624,19
614,625,30
615,626,19
616,627,23
617,628,40
618,629,21
619,630,17
620,631,39
621,632,17
622,633,28
623,634,30
624,635,28
625,636,20
626,637,21
627,638,24
628,639,17
629,640,18
630,641,25
631,642,28
632,643,21
633,644,25
634,645,24
635,646,18
636,647,25
637,648,28
638,649,22
639,650,27
640,651,26
641,652,6
642,653,12
643,654,15
644,655,17
645,656,34
646,657,12
647,658,19
648,659,23
649,660,38
650,661,6
651,662,20
652,663,23
653,664,17
654,665,58
655,666,58
656,667,58
657,668,58
658,669,22
659,670,10
660,671,22
661,672,25
662,673,21
663,674,23
664,675,17
665,676,21
666,677,19
667,678,17
668,679,33
669,680,26
670,681,17
671,682,29
672,683,33
673,684,37
674,685,13
675,686,18
676,687,24
677,688,27
678,689,36
679,690,25
680,691,22
681,692,31
682,693,18
683,694,26
684,695,12
685,696,10
686,697,29
687,698,13
688,699,27
689,700,35
690,701,20
691,702,24
692,703,21
693,704,20
694,705,22
695,706,31
696,707,26
697,708,28
698,709,4
699,710,4
700,711,21
701,712,26
702,713,29
703,714,16
704,715,25
705,716,35
706,717,18
707,718,22
708,719,17
709,720,24
710,721,32
711,722,13
712,723,20
713,724,21
714,725,30
715,726,14
716,727,15
717,728,11
718,729,39
719,730,19
720,731,22
721,732,31
722,733,24
723,734,8
724,735,13
725,736,12
726,737,12
727,738,12
728,739,12
729,740,8
730,741,25
731,742,8
732,743,21
733,744,8
734,745,25
735,746,31
736,747,22
737,748,19
738,749,58
739,750,11
740,751,21
741,752,38
742,753,27
743,754,39
744,755,34
745,756,27
746,757,21
747,758,30
748,759,19
749,760,31
750,761,8
751,762,21
752,763,28
753,764,26
754,765,27
755,766,17
756,767,23
757,768,14
758,769,37
759,770,18
760,771,14
761,772,13
762,773,29
763,774,25
764,775,28
765,776,15
766,777,23
767,778,19
768,779,23
769,781,8
770,783,27
771,784,29
772,785,19
773,786,11
774,787,15
775,788,31
776,789,64
777,790,27
778,791,17
779,792,15
780,793,15
781,794,36
782,795,14
783,796,30
784,797,30
785,798,21
786,799,4
787,800,22
788,801,16
789,802,18
790,803,29
791,804,25
792,805,20
793,806,11
794,807,9
795,808,18
796,809,13
797,810,25
798,811,13
799,812,22
800,813,21
801,814,28
802,815,18
803,816,24
804,817,17
805,818,43
806,819,25
807,820,40
808,821,15
809,822,36
810,823,9
811,824,6
812,825,19
813,826,10
814,827,21
815,828,14
816,829,9
817,830,21
818,831,32
819,832,22
820,833,19
821,834,17
822,835,13
823,836,8
824,837,24
825,838,17
826,839,24
827,840,24
828,841,24
829,842,30
830,843,23
831,844,28
832,845,24
833,846,27
834,847,24
835,848,21
836,849,17
837,850,24
838,851,21
839,852,15
840,853,24
841,854,24
842,855,26
843,856,24
844,857,24
845,858,24
846,859,37
847,860,37
848,861,37
849,862,21
850,863,16
851,864,31
852,865,24
853,866,22
854,867,21
855,868,19
856,869,8
857,870,27
858,871,25
859,872,11
860,873,37
861,874,16
862,875,26
863,876,7
864,877,14
865,878,24
866,879,27
867,880,26
868,881,23
869,882,27
870,883,25
871,884,30
872,885,32
873,886,40
874,887,37
875,888,22
876,889,13
877,890,24
878,891,31
879,892,16
880,893,25
881,894,20
882,895,23
883,896,28
884,897,19
885,898,23
886,899,19
887,900,36
888,901,17
889,902,28
890,903,24
891,904,23
892,905,11
893,906,19
894,907,18
895,908,33
896,909,18
897,910,24
898,911,31
899,912,16
900,913,13
901,914,21
902,915,27
903,916,13
904,917,13
905,918,27
906,919,31
907,920,33
908,921,14
909,922,26
910,923,23
911,924,19
912,925,32
913,926,22
914,927,33
915,928,41
916,929,37
917,930,24
918,931,21
919,932,20
920,933,22
921,934,22
922,935,22
923,936,32
924,937,37
925,938,13
926,939,15
927,940,7
928,941,31
929,942,25
930,943,24
931,944,31
932,945,19
933,946,29
934,947,29
935,948,33
936,949,30
937,950,41
938,951,33
939,952,19
940,953,29
941,954,29
942,955,18
943,956,18
944,957,17
945,958,22
946,959,21
947,960,33
948,961,29
949,962,13
950,963,19
951,964,11
952,965,15
953,966,27
954,967,14
955,968,31
956,969,19
957,970,26
958,971,23
959,972,12
960,973,14
961,974,18
962,975,16
963,976,32
964,977,17
965,978,8
966,979,37
967,980,29
968,981,15
969,982,13
970,983,29
971,984,33
972,985,27
973,986,17
974,987,19
975,988,22
976,989,28
977,990,33
978,991,11
979,992,15
980,993,33
981,994,22
982,995,16
983,996,37
984,997,30
985,998,14
986,999,18
987,1000,27
988,1001,33
989,1002,19
990,1003,25
991,1004,36
992,1005,17
993,1006,21
994,1007,21
995,1008,22
996,1009,28
997,1010,30
998,1011,11
999,1012,34
1000,1013,29
1001,1014,27
1002,1015,25
1003,1016,29
1004,1017,19
1005,1018,26
1006,1019,28
1007,1020,25
1008,1021,36
1009,1022,9
1010,1023,24
1011,1024,18
1012,1025,28
1013,1026,22
1014,1027,21
1015,1028,30
1016,1029,19
1017,1030,20
1018,1031,20
1019,1032,30
1020,1033,40
1021,1034,6
1022,1035,22
1023,1036,19
1024,1037,20
1025,1038,23
1026,1039,18
1027,1040,24
1028,1041,32
1029,1042,20
1030,1043,18
1031,1044,25
1032,1045,29
1033,1046,26
1034,1047,58
1035,1048,58
1036,1049,21
1037,1050,22
1038,1051,25
1039,1052,26
1040,1053,9
1041,1054,30
1042,1055,17
1043,1056,18
1044,1057,17
1045,1058,19
1046,1059,19
1047,1060,32
1048,1061,29
1049,1062,30
1050,1063,14
1051,1064,20
1052,1065,15
1053,1066,13
1054,1067,30
1055,1068,18
1056,1069,37
1057,1070,25
1058,1071,35
1059,1072,27
1060,1073,26
1061,1074,10
1062,1075,24
1063,1076,22
1064,1077,22
1065,1078,21
1066,1079,17
1067,1080,20
1068,1081,17
1069,1082,31
1070,1083,16
1071,1084,16
1072,1085,16
1073,1086,20
1074,1087,27
1075,1088,26
1076,1089,19
1077,1090,13
1078,1091,30
1079,1092,18
1080,1093,9
1081,1094,29
1082,1095,20
1083,1096,17
1084,1097,24
1085,1098,10
1086,1099,39
1087,1100,10
1088,1101,24
1089,1102,10
1090,1103,14
1091,1104,18
1092,1105,17
1093,1106,17
1094,1107,30
1095,1108,20
1096,1109,19
1097,1110,22
1098,1111,17
1099,1112,15
1100,1113,11
1101,1114,10
1102,1115,29
1103,1116,35
1104,1117,18
1105,1118,29
1106,1119,15
1107,1120,11
1108,1121,11
1109,1122,17
1110,1123,26
1111,1124,13
1112,1125,41
1113,1126,58
1114,1127,58
1115,1128,58
1116,1129,19
1117,1130,37
1118,1131,31
1119,1132,14
1120,1133,14
1121,1134,22
1122,1135,12
1123,1136,24
1124,1137,12
1125,1138,11
1126,1139,23
1127,1140,20
1128,1141,22
1129,1142,20
1130,1143,24
1131,1144,28
1132,1145,16
1133,1146,10
1134,1147,39
1135,1148,35
1136,1149,17
1137,1150,23
1138,1151,58
1139,1152,35
1140,1153,58
1141,1154,17
1142,1155,18
1143,1156,26
1144,1157,26
1145,1158,21
1146,1159,20
1147,1160,35
1148,1161,20
1149,1162,22
1150,1163,27
1151,1165,16
1152,1166,20
1153,1167,18
1154,1168,21
1155,1169,34
1156,1170,12
1157,1171,9
1158,1172,10
1159,1173,21
1160,1174,17
1161,1175,25
1162,1176,14
1163,1177,20
1164,1178,23
1165,1179,13
1166,1180,27
1167,1181,18
1168,1182,5
1169,1183,19
1170,1184,34
1171,1185,19
1172,1186,10
1173,1187,20
1174,1188,33
1175,1189,10
1176,1190,17
1177,1191,13
1178,1192,26
1179,1193,17
1180,1194,20
1181,1195,32
1182,1196,18
1183,1197,22
1184,1198,27
1185,1199,29
1186,1200,32
1187,1201,23
1188,1202,26
1189,1203,7
1190,1204,20
1191,1205,19
1192,1206,22
1193,1207,9
1194,1208,19
1195,1209,29
1196,1210,29
1197,1211,25
1198,1212,24
1199,1213,9
1200,1214,32
1201,1215,16
1202,1216,15
1203,1217,24
1204,1218,9
1205,1219,23
1206,1220,27
1207,1221,19
1208,1222,20
1209,1223,31
1210,1224,23
1211,1225,20
1212,1226,16
1213,1227,21
1214,1228,37
1215,1229,35
1216,1230,33
1217,1231,18
1218,1232,22
1219,1233,16
1220,1234,12
1221,1235,26
1222,1236,36
1223,1237,8
1224,1238,35
1225,1239,15
1226,1240,17
1227,1241,25
1228,1242,18
1229,1243,27
1230,1244,27
1231,1245,17
1232,1246,18
1233,1247,20
1234,1248,29
1235,1249,24
1236,1250,37
1237,1251,22
1238,1252,26
1239,1253,33
1240,1254,29
1241,1255,29
1242,1256,18
1243,1257,37
1244,1258,27
1245,1259,15
1246,1260,31
1247,1261,17
1248,1262,20
1249,1263,43
1250,1264,7
1251,1265,16
1252,1266,22
1253,1267,22
1254,1268,25
1255,1269,17
1256,1270,20
1257,1271,12
1258,1272,9
1259,1273,29
1260,1274,32
1261,1275,17
1262,1276,18
1263,1277,18
1264,1278,25
1265,1279,24
1266,1280,24
1267,1281,13
1268,1282,22
1269,1283,27
1270,1284,20
1271,1285,20
1272,1286,21
1273,1287,35
1274,1288,22
1275,1289,24
1276,1290,21
1277,1291,29
1278,1292,18
1279,1293,18
1280,1294,13
1281,1295,30
1282,1296,18
1283,1297,24
1284,1298,20
1285,1299,18
1286,1300,25
1287,1301,8
1288,1302,15
1289,1303,21
1290,1304,17
1291,1305,27
1292,1306,13
1293,1307,23
1294,1308,27
1295,1309,24
1296,1310,12
1297,1311,22
1298,1312,18
1299,1313,23
1300,1314,32
1301,1315,28
1302,1316,12
1303,1317,29
1304,1318,16
1305,1319,15
1306,1320,24
1307,1321,31
1308,1322,30
1309,1323,7
1310,1324,19
1311,1325,21
1312,1326,34
1313,1327,29
1314,1328,20
1315,1329,32
1316,1330,29
1317,1331,18
1318,1332,23
1319,1333,13
1320,1334,21
1321,1335,37
1322,1336,16
1323,1337,38
1324,1338,5
1325,1339,26
1326,1340,25
1327,1341,16
1328,1342,28
1329,1343,19
1330,1344,25
1331,1345,20
1332,1346,21
1333,1347,22
1334,1348,17
1335,1349,9
1336,1350,12
1337,1351,22
1338,1352,25
1339,1353,32
1340,1354,26
1341,1355,19
1342,1356,21
1343,1357,6
1344,1358,33
1345,1359,26
1346,1360,23
1347,1361,5
1348,1362,41
1349,1363,32
1350,1364,13
1351,1365,9
1352,1366,18
1353,1367,22
1354,1368,19
1355,1369,35
1356,1370,31
1357,1371,36
1358,1372,25
1359,1373,20
1360,1374,15
1361,1375,23
1362,1376,23
1363,1377,21
1364,1378,8
1365,1379,19
1366,1380,19
1367,1381,34
1368,1382,25
1369,1383,21
1370,1384,26
1371,1385,20
1372,1386,23
1373,1387,30
1374,1388,27
1375,1389,21
1376,1390,23
1377,1391,41
1378,1392,29
1379,1393,15
1380,1394,15
1381,1395,32
1382,1396,20
1383,1397,33
1384,1398,18
1385,1399,31
1386,1400,18
1387,1401,30
1388,1402,31
1389,1403,17
1390,1404,15
1391,1405,41
1392,1406,13
1393,1407,27
1394,1408,35
1395,1409,28
1396,1410,26
1397,1411,18
1398,1412,36
1399,1413,28
1400,1414,20
1401,1415,26
1402,1416,21
1403,1417,26
1404,1418,8
1405,1419,20
1406,1420,30
1407,1421,26
1408,1422,27
1409,1423,32
1410,1424,24
1411,1425,14
1412,1426,32
1413,1427,22
1414,1428,15
1415,1429,28
1416,1430,27
1417,1431,34
1418,1432,17
1419,1433,10
1420,1434,21
1421,1435,34
1422,1436,21
1423,1437,30
1424,1438,24
1425,1439,15
1426,1440,23
1427,1441,20
1428,1442,21
1429,1443,19
1430,1444,17
1431,1445,17
1432,1446,8
1433,1447,19
1434,1448,31
1435,1449,7
1436,1450,20
1437,1451,18
1438,1452,22
1439,1453,26
1440,1454,30
1441,1455,30
1442,1456,8
1443,1457,22
1444,1458,20
1445,1459,33
1446,1460,33
1447,1461,33
1448,1462,17
1449,1463,29
1450,1464,17
1451,1465,31
1452,1466,22
1453,1467,33
1454,1468,20
1455,1469,17
1456,1470,23
1457,1471,26
1458,1472,31
1459,1473,28
1460,1474,13
1461,1475,35
1462,1476,25
1463,1477,33
1464,1478,18
1465,1479,33
1466,1480,20
1467,1481,27
1468,1482,23
1469,1483,23
1470,1484,19
1471,1485,13
1472,1486,19
1473,1487,15
1474,1488,41
1475,1489,33
1476,1490,30
1477,1491,42
1478,1492,23
1479,1493,25
1480,1494,33
1481,1495,26
1482,1496,26
1483,1497,17
1484,1498,16
1485,1499,31
1486,1500,21
1487,1501,29
1488,1502,7
1489,1503,24
1490,1504,4
1491,1505,25
1492,1506,21
1493,1507,23
1494,1508,21
1495,1509,20
1496,1510,32
1497,1511,18
1498,1512,11
1499,1513,21
1500,1514,26
1501,1515,15
1502,1516,30
1503,1517,25
1504,1518,17
1505,1519,18
1506,1520,13
1507,1521,25
1508,1522,24
1509,1523,17
1510,1524,20
1511,1525,27
1512,1526,27
1513,1527,20
1514,1528,24
1515,1529,16
1516,1530,21
1517,1531,27
1518,1532,26
1519,1533,34
1520,1534,22
1521,1535,20
1522,1536,43
1523,1537,27
1524,1538,21
1525,1539,9
1526,1540,8
1527,1541,24
1528,1542,29
1529,1543,3
1530,1544,17
1531,1545,13
1532,1546,31
1533,1547,20
1534,1548,11
1535,1549,24
1536,1550,31
1537,1551,35
1538,1552,31
1539,1553,20
1540,1554,17
1541,1555,17
1542,1556,15
1543,1557,17
1544,1558,30
1545,1559,34
1546,1560,13
1547,1561,15
1548,1562,16
1549,1563,19
1550,1564,7
1551,1565,26
1552,1566,10
1553,1567,24
1554,1568,27
1555,1569,26
1556,1570,28
1557,1571,30
1558,1572,25
1559,1573,30
1560,1574,22
1561,1575,13
1562,1576,31
1563,1577,15
1564,1578,24
1565,1579,21
1566,1580,26
1567,1581,28
1568,1582,13
1569,1583,19
1570,1584,29
1571,1585,22
1572,1586,15
1573,1587,30
1574,1588,26
1575,1589,15
1576,1590,22
1577,1591,23
1578,1592,16
1579,1593,31
1580,1594,28
1581,1595,50
1582,1596,14
1583,1597,16
1584,1598,15
1585,1599,16
1586,1600,12
1587,1601,22
1588,1602,29
1589,1603,21
1590,1604,22
1591,1605,25
1592,1606,19
1593,1607,34
1594,1608,10
1595,1609,29
1596,1610,25
1597,1611,21
1598,1612,13
1599,1613,27
1600,1614,20
1601,1615,26
1602,1616,21
1603,1617,19
1604,1618,14
1605,1619,36
1606,1620,36
1607,1621,30
1608,1622,21
1609,1623,11
1610,1624,5
1611,1625,30
1612,1626,16
1613,1627,29
1614,1628,31
1615,1629,24
1616,1630,5
1617,1631,26
1618,1632,23
1619,1633,25
1620,1634,36
1621,1635,20
1622,1636,12
1623,1637,32
1624,1638,25
1625,1639,33
1626,1640,22
1627,1641,23
1628,1642,11
1629,1643,23
1630,1644,20
1631,1645,16
1632,1646,26
1633,1647,29
1634,1648,23
1635,1649,28
1636,1650,16
1637,1651,14
1638,1652,14
1639,1653,37
1640,1654,14
1641,1655,58
1642,1656,15
1643,1657,12
1644,1658,4
1645,1659,23
1646,1660,41
1647,1661,23
1648,1662,30
1649,1663,31
1650,1664,22
1651,1665,22
1652,1666,16
1653,1667,20
1654,1668,21
1655,1669,12
1656,1670,14
1657,1671,24
1658,1672,13
1659,1673,34
1660,1674,19
1661,1675,17
1662,1676,39
1663,1677,25
1664,1678,27
1665,1679,24
1666,1680,10
1667,1681,11
1668,1682,21
1669,1683,13
1670,1684,24
1671,1685,23
1672,1686,18
1673,1687,31
1674,1688,23
1675,1689,12
1676,1690,22
1677,1691,21
1678,1692,29
1679,1693,18
1680,1694,25
1681,1695,20
1682,1696,19
1683,1697,17
1684,1698,14
1685,1699,19
1686,1700,18
1687,1701,22
1688,1702,24
1689,1703,12
1690,1704,25
1691,1705,20
1692,1706,17
1693,1707,19
1694,1708,38
1695,1709,11
1696,1710,21
1697,1711,25
1698,1712,20
1699,1713,22
1700,1714,21
1701,1715,21
1702,1716,35
1703,1717,27
1704,1718,26
1705,1719,25
1706,1720,7
1707,1721,25
1708,1722,24
1709,1723,24
1710,1724,23
1711,1725,27
1712,1726,28
1713,1727,20
1714,1728,20
1715,1729,30
1716,1730,20
1717,1731,30
1718,1732,18
1719,1733,9
1720,1734,17
1721,1735,13
1722,1736,19
1723,1737,15
1724,1738,12
1725,1739,12
1726,1740,14
1727,1741,19
1728,1742,22
1729,1743,20
1730,1744,22
1731,1745,37
1732,1746,11
1733,1747,12
1734,1748,26
1735,1749,23
1736,1750,21
1737,1751,25
1738,1752,19
1739,1753,26
1740,1754,31
1741,1755,16
1742,1756,24
1743,1757,19
1744,1758,7
1745,1759,30
1746,1760,19
1747,1761,20
1748,1762,23
1749,1763,19
1750,1764,20
1751,1765,25
1752,1766,27
1753,1767,9
1754,1768,24
1755,1769,5
1756,1770,24
1757,1771,30
1758,1772,14
1759,1773,13
1760,1774,21
1761,1775,17
1762,1776,22
1763,1777,18
1764,1778,22
1765,1779,25
1766,1780,38
1767,1781,19
1768,1782,12
1769,1783,7
1770,1784,9
1771,1785,16
1772,1786,4
1773,1787,12
1774,1788,9
1775,1789,14
1776,1790,15
1777,1791,19
1778,1792,19
1779,1793,19
1780,1794,19
1781,1795,19
1782,1796,19
1783,1797,19
1784,1798,19
1785,1799,18
1786,1800,19
1787,1801,15
1788,1802,18
1789,1803,16
1790,1804,21
1791,1805,12
1792,1806,19
1793,1807,19
1794,1808,25
1795,1809,13
1796,1810,31
1797,1811,24
1798,1812,25
1799,1813,14
1800,1814,20
1801,1815,25
1802,1816,37
1803,1817,17
1804,1818,16
1805,1819,33
1806,1820,12
1807,1821,36
1808,1822,17
1809,1823,58
1810,1824,25
1811,1825,30
1812,1826,29
1813,1827,50
1814,1828,25
1815,1829,22
1816,1830,11
1817,1831,13
1818,1832,19
1819,1833,22
1820,1834,34
1821,1835,19
1822,1836,21
1823,1837,23
1824,1838,27
1825,1839,27
1826,1840,24
1827,1841,18
1828,1842,26
1829,1843,25
1830,1844,20
1831,1845,36
1832,1846,18
1833,1847,28
1834,1848,25
1835,1849,20
1836,1850,13
1837,1851,23
1838,1852,36
1839,1853,25
1840,1854,31
1841,1855,22
1842,1856,20
1843,1857,15
1844,1858,22
1845,1859,11
1846,1860,24
1847,1861,26
1848,1862,17
1849,1863,28
1850,1864,25
1851,1865,13
1852,1866,30
1853,1867,18
1854,1868,20
1855,1869,22
1856,1870,20
1857,1871,30
1858,1872,28
1859,1873,27
1860,1874,27
1861,1875,32
1862,1876,21
1863,1877,21
1864,1878,23
1865,1879,15
1866,1880,36
1867,1881,8
1868,1882,21
1869,1883,14
1870,1884,26
1871,1885,27
1872,1886,14
1873,1887,35
1874,1888,27
1875,1889,16
1876,1890,33
1877,1891,31
1878,1892,22
1879,1893,11
1880,1894,25
1881,1895,24
1882,1896,6
1883,1897,23
1884,1898,17
1885,1899,35
1886,1900,20
1887,1901,58
1888,1902,30
1889,1903,19
1890,1904,30
1891,1905,18
1892,1906,33
1893,1907,19
1894,1908,28
1895,1909,50
1896,1910,31
1897,1911,24
1898,1912,19
1899,1913,20
1900,1914,25
1901,1915,32
1902,1916,22
1903,1917,26
1904,1918,19
1905,1919,30
1906,1920,34
1907,1921,18
1908,1922,29
1909,1923,26
1910,1924,23
1911,1925,27
1912,1926,23
1913,1927,15
1914,1928,29
1915,1929,24
1916,1930,21
1917,1931,22
1918,1932,22
1919,1933,22
1920,1934,13
1921,1935,26
1922,1936,18
1923,1937,22
1924,1938,20
1925,1939,26
1926,1940,24
1927,1941,26
1928,1942,26
1929,1943,15
1930,1944,13
1931,1945,21
1932,1946,39
1933,1947,24
1934,1948,20
1935,1949,21
1936,1950,20
1937,1951,26
1938,1952,7
1939,1953,34
1940,1954,58
1941,1955,15
1942,1956,58
1943,1957,21
1944,1958,30
1945,1959,18
1946,1960,26
1947,1961,19
1948,1962,14
1949,1963,19
1950,1964,30
1951,1965,6
1952,1966,26
1953,1967,40
1954,1968,43
1955,1969,40
1956,1970,1
1957,1971,27
1958,1972,18
1959,1973,16
1960,1974,21
1961,1975,24
1962,1976,6
1963,1977,36
1964,1978,19
1965,1979,21
1966,1980,25
1967,1981,9
1968,1982,23
1969,1983,30
1970,1984,17
1971,1985,25
1972,1986,17
1973,1987,14
1974,1988,26
1975,1989,19
1976,1990,29
1977,1991,8
1978,1992,8
1979,1993,39
1980,1994,20
1981,1995,37
1982,1996,26
1983,1997,8
1984,1998,27
1985,1999,22
1986,2000,26
1987,2001,25
1988,2002,24
1989,2003,50
1990,2004,17
1991,2005,25
1992,2006,26
1993,2007,20
1994,2008,26
1995,2009,24
1996,2010,20
1997,2011,27
1998,2012,19
1999,2013,28
2000,2014,35
2001,2015,17
2002,2016,31
2003,2017,50
2004,2018,50
2005,2019,33
2006,2020,11
2007,2021,6
2008,2022,17
2009,2023,25
2010,2024,16
2011,2025,58
2012,2026,47
2013,2027,59
2014,2028,13
2015,2029,10
2016,2030,17
2017,2031,38
2018,2032,17
2019,2033,24
2020,2034,32
2021,2035,20
2022,2036,28
2023,2037,21
2024,2038,19
2025,2039,16
2026,2040,17
2027,2041,38
2028,2042,26
2029,2043,18
2030,2044,17
2031,2045,19
2032,2046,19
2033,2047,23
2034,2048,58
2035,2049,34
2036,2050,18
2037,2051,16
2038,2052,16
2039,2053,8
2040,2054,5
2041,2055,22
2042,2056,23
2043,2057,18
2044,2058,18
2045,2059,19
2046,2060,19
2047,2061,8
2048,2062,17
2049,2063,30
2050,2064,30
2051,2065,27
2052,2066,15
2053,2067,12
2054,2068,22
2055,2069,27
2056,2070,32
2057,2071,13
2058,2072,23
2059,2073,56
2060,2074,32
2061,2075,19
2062,2076,28
2063,2077,20
2064,2078,28
2065,2079,15
2066,2080,18
2067,2081,14
2068,2082,18
2069,2083,19
2070,2084,28
2071,2085,18
2072,2086,19
2073,2087,19
2074,2088,19
2075,2089,17
2076,2090,19
2077,2091,33
2078,2092,20
2079,2093,1
2080,2094,29
2081,2095,19
2082,2096,19
2083,2097,19
2084,2098,33
2085,2099,15
2086,2100,25
2087,2101,8
2088,2102,38
2089,2103,34
2090,2104,23
2091,2105,25
2092,2106,23
2093,2107,23
2094,2108,18
2095,2109,30
2096,2110,8
2097,2111,22
2098,2112,30
2099,2113,31
2100,2114,26
2101,2115,24
2102,2116,23
2103,2117,21
2104,2118,20
2105,2119,18
2106,2120,23
2107,2121,18
2108,2122,16
2109,2123,23
2110,2124,23
2111,2125,24
2112,2126,20
2113,2127,24
2114,2128,24
2115,2129,18
2116,2130,18
2117,2131,17
2118,2132,23
2119,2133,20
2120,2134,29
2121,2135,25
2122,2136,22
2123,2137,50
2124,2138,19
2125,2139,19
2126,2140,27
2127,2141,16
2128,2142,17
2129,2143,17
2130,2144,24
2131,2145,28
2132,2146,27
2133,2147,28
2134,2148,30
2135,2149,23
2136,2150,25
2137,2151,32
2138,2152,31
2139,2153,23
2140,2154,24
2141,2155,19
2142,2156,10
2143,2157,18
2144,2158,20
2145,2159,26
2146,2160,28
2147,2161,25
2148,2162,21
2149,2163,12
2150,2164,28
2151,2165,17
2152,2166,25
2153,2167,15
2154,2168,23
2155,2169,30
2156,2170,24
2157,2171,13
2158,2172,20
2159,2173,34
2160,2174,28
2161,2175,23
2162,2176,25
2163,2177,36
2164,2178,19
2165,2179,9
2166,2180,21
2167,2181,17
2168,2182,24
2169,2183,16
2170,2184,32
2171,2185,16
2172,2186,15
2173,2187,13
2174,2188,19
2175,2189,26
2176,2190,10
2177,2191,4
2178,2192,12
2179,2194,22
2180,2195,21
2181,2196,31
2182,2197,29
2183,2198,17
2184,2199,29
2185,2200,8
2186,2201,12
2187,2202,29
2188,2203,26
2189,2204,28
2190,2205,7
2191,2206,34
2192,2207,29
2193,2208,29
2194,2209,29
2195,2210,23
2196,2211,22
2197,2212,18
2198,2213,20
2199,2214,34
2200,2215,19
2201,2216,14
2202,2217,30
2203,2218,26
2204,2219,24
2205,2220,22
2206,2221,24
2207,2222,10
2208,2223,22
2209,2224,19
2210,2225,21
2211,2226,23
2212,2227,22
2213,2228,13
2214,2229,15
2215,2230,20
2216,2231,28
2217,2232,12
2218,2233,20
2219,2234,17
2220,2235,36
2221,2236,13
2222,2237,27
2223,2238,48
2224,2239,19
2225,2240,25
2226,2241,23
2227,2242,18
2228,2243,19
2229,2244,24
2230,2245,20
2231,2246,18
2232,2247,10
2233,2248,14
2234,2249,24
2235,2250,17
2236,2251,18
2237,2252,19
2238,2253,14
2239,2254,15
2240,2255,19
2241,2256,22
2242,2257,11
2243,2258,19
2244,2259,28
2245,2260,25
2246,2261,11
2247,2262,19
2248,2263,23
2249,2264,32
2250,2265,16
2251,2266,18
2252,2267,32
2253,2268,18
2254,2269,18
2255,2270,18
2256,2271,22
2257,2272,22
2258,2273,22
2259,2274,22
2260,2275,28
2261,2276,15
2262,2277,27
2263,2278,10
2264,2279,23
2265,2280,24
2266,2281,25
2267,2282,15
2268,2283,16
2269,2284,20
2270,2285,14
2271,2286,25
2272,2287,19
2273,2288,22
2274,2289,17
2275,2290,35
2276,2291,11
2277,2292,21
2278,2293,26
2279,2294,6
2280,2295,17
2281,2296,30
2282,2297,29
2283,2298,23
2284,2299,25
2285,2300,23
2286,2301,15
2287,2302,35
2288,2303,28
2289,2304,27
2290,2305,17
2291,2306,24
2292,2307,18
2293,2308,20
2294,2309,9
2295,2310,19
2296,2311,11
2297,2312,14
2298,2313,9
2299,2314,19
2300,2315,24
2301,2316,24
2302,2317,22
2303,2318,22
2304,2319,24
2305,2320,11
2306,2321,24
2307,2322,14
2308,2323,21
2309,2324,16
2310,2325,20
2311,2326,14
2312,2327,14
2313,2328,23
2314,2329,24
2315,2330,16
2316,2331,13
2317,2332,28
2318,2333,14
2319,2334,18
2320,2335,11
2321,2336,25
2322,2337,29
2323,2338,23
2324,2339,16
2325,2340,21
2326,2341,18
2327,2342,24
2328,2343,24
2329,2344,31
2330,2345,26
2331,2346,19
2332,2347,32
2333,2348,18
2334,2349,22
2335,2350,23
2336,2351,13
2337,2352,17
2338,2353,17
2339,2354,17
2340,2355,36
2341,2356,24
2342,2357,15
2343,2358,16
2344,2359,15
2345,2360,23
2346,2361,15
2347,2362,19
2348,2363,21
2349,2364,17
2350,2365,20
2351,2366,24
2352,2367,20
2353,2368,25
2354,2369,21
2355,2370,26
2356,2371,25
2357,2372,25
2358,2373,25
2359,2374,26
2360,2375,24
2361,2376,25
2362,2377,24
2363,2378,20
2364,2379,24
2365,2380,20
2366,2381,25
2367,2382,32
2368,2383,19
2369,2384,19
2370,2385,36
2371,2386,20
2372,2387,17
2373,2388,34
2374,2389,19
2375,2390,42
2376,2391,21
2377,2392,26
2378,2393,25
2379,2394,18
2380,2395,23
2381,2396,14
2382,2397,16
2383,2398,20
2384,2399,21
2385,2400,30
2386,2401,41
2387,2402,28
2388,2403,10
2389,2404,23
2390,2405,16
2391,2406,35
2392,2407,22
2393,2408,20
2394,2409,19
2395,2410,25
2396,2411,26
2397,2412,30
2398,2413,27
2399,2414,18
2400,2415,18
2401,2416,19
2402,2417,27
2403,2418,22
2404,2419,17
2405,2420,39
2406,2421,31
2407,2422,29
2408,2423,27
2409,2424,31
2410,2425,28
2411,2426,27
2412,2427,13
2413,2428,15
2414,2429,18
2415,2430,18
2416,2431,24
2417,2432,7
2418,2433,21
2419,2434,16
2420,2435,38
2421,2436,32
2422,2437,19
2423,2438,29
2424,2439,9
2425,2440,22
2426,2441,25
2427,2442,18
2428,2443,24
2429,2444,23
2430,2445,30
2431,2446,19
2432,2447,32
2433,2448,21
2434,2449,8
2435,2450,44
2436,2451,44
2437,2452,15
2438,2453,27
2439,2454,28
2440,2455,9
2441,2456,16
2442,2457,21
2443,2458,17
2444,2459,36
2445,2460,19
2446,2461,23
2447,2462,19
2448,2463,33
2449,2464,29
2450,2465,18
2451,2466,23
2452,2467,32
2453,2468,18
2454,2469,24
2455,2470,20
2456,2471,26
2457,2472,23
2458,2473,19
2459,2474,27
2460,2475,29
2461,2476,21
2462,2477,11
2463,2478,17
2464,2479,22
2465,2480,38
2466,2481,22
2467,2482,32
2468,2483,6
2469,2484,17
2470,2485,21
2471,2486,7
2472,2487,35
2473,2488,6
2474,2489,16
2475,2490,28
2476,2491,36
2477,2492,32
2478,2493,24
2479,2494,20
2480,2495,30
2481,2496,33
2482,2497,34
2483,2498,38
2484,2499,21
2485,2500,24
2486,2501,26
2487,2502,8
2488,2503,15
2489,2504,22
2490,2505,28
2491,2506,8
2492,2507,12
2493,2508,29
2494,2509,19
2495,2510,21
2496,2511,3
2497,2512,13
2498,2513,31
2499,2514,14
2500,2515,39
2501,2516,26
2502,2517,25
2503,2518,27
2504,2519,16
2505,2520,33
2506,2521,16
2507,2522,23
2508,2523,12
2509,2524,35
2510,2525,38
2511,2526,30
2512,2527,32
2513,2528,26
2514,2529,34
2515,2530,29
2516,2531,21
2517,2532,37
2518,2533,15
2519,2534,15
2520,2535,23
2521,2536,16
2522,2537,34
2523,2538,34
2524,2539,33
2525,2540,32
2526,2541,18
2527,2542,6
2528,2543,27
2529,2544,23
2530,2545,19
2531,2546,16
2532,2547,25
2533,2548,12
2534,2549,33
2535,2550,32
2536,2551,15
2537,2552,50
2538,2553,27
2539,2554,26
2540,2555,23
2541,2556,35
2542,2557,35
2543,2558,33
2544,2559,33
2545,2560,32
2546,2561,33
2547,2562,35
2548,2563,28
2549,2564,50
2550,2565,40
2551,2566,11
2552,2567,20
2553,2568,10
2554,2569,20
2555,2570,33
2556,2571,33
2557,2572,30
2558,2573,38
2559,2574,35
2560,2575,9
2561,2576,21
2562,2577,20
2563,2578,19
2564,2579,20
2565,2580,20
2566,2581,12
2567,2582,17
2568,2583,23
2569,2584,34
2570,2585,22
2571,2586,22
2572,2587,30
2573,2588,26
2574,2589,15
2575,2590,25
2576,2591,39
2577,2592,15
2578,2593,20
2579,2594,25
2580,2595,37
2581,2596,32
2582,2597,32
2583,2598,33
2584,2599,35
2585,2600,20
2586,2601,34
2587,2602,34
2588,2603,9
2589,2604,34
2590,2605,18
2591,2606,20
2592,2607,16
2593,2608,31
2594,2609,34
2595,2610,17
2596,2611,28
2597,2612,14
2598,2613,20
2599,2614,14
2600,2615,21
2601,2616,7
2602,2617,25
2603,2618,28
2604,2619,50
2605,2620,31
2606,2621,33
2607,2622,34
2608,2623,19
2609,2624,36
2610,2625,24
2611,2626,20
2612,2627,19
2613,2628,20
2614,2629,28
2615,2630,14
2616,2631,19
2617,2632,25
2618,2633,24
2619,2634,38
2620,2635,38
2621,2636,29
2622,2637,35
2623,2638,29
2624,2639,31
2625,2640,20
2626,2641,39
2627,2642,17
2628,2643,19
2629,2644,24
2630,2645,14
2631,2646,23
2632,2647,9
2633,2648,36
2634,2649,23
2635,2650,26
2636,2651,9
2637,2652,22
2638,2653,21
2639,2654,22
2640,2655,27
2641,2656,20
2642,2657,58
2643,2658,16
2644,2659,14
2645,2660,19
2646,2661,20
2647,2662,26
2648,2663,37
2649,2664,35
2650,2665,34
2651,2666,24
2652,2667,26
2653,2668,58
2654,2669,20
2655,2670,12
2656,2671,14
2657,2672,7
2658,2673,13
2659,2674,7
2660,2675,16
2661,2676,24
2662,2677,18
2663,2678,24
2664,2679,19
2665,2680,36
2666,2681,23
2667,2682,18
2668,2683,22
2669,2684,23
2670,2685,27
2671,2686,21
2672,2687,24
2673,2688,19
2674,2689,19
2675,2690,22
2676,2691,21
2677,2692,26
2678,2693,29
2679,2694,38
2680,2695,38
2681,2696,24
2682,2697,22
2683,2698,26
2684,2699,13
2685,2700,16
2686,2701,14
2687,2702,22
2688,2703,33
2689,2704,23
2690,2705,18
2691,2706,10
2692,2707,31
2693,2708,21
2694,2709,20
2695,2710,23
2696,2711,8
2697,2712,20
2698,2713,20
2699,2714,22
2700,2715,23
2701,2716,21
2702,2717,9
2703,2718,16
2704,2719,19
2705,2720,33
2706,2721,28
2707,2722,38
2708,2723,23
2709,2724,23
2710,2725,22
2711,2726,38
2712,2727,18
2713,2728,16
2714,2729,38
2715,2730,17
2716,2731,22
2717,2732,33
2718,2733,21
2719,2734,13
2720,2735,13
2721,2736,17
2722,2737,42
2723,2738,26
2724,2739,17
2725,2740,31
2726,2741,21
2727,2742,25
2728,2743,11
2729,2744,24
2730,2745,20
2731,2746,24
2732,2747,32
2733,2748,10
2734,2749,33
2735,2750,44
2736,2751,39
2737,2752,40
2738,2753,39
2739,2754,31
2740,2755,18
2741,2756,11
2742,2757,23
2743,2758,22
2744,2759,22
2745,2760,31
2746,2761,11
2747,2762,34
2748,2763,25
2749,2764,23
2750,2765,22
2751,2766,24
2752,2767,7
2753,2768,19
2754,2769,35
2755,2770,37
2756,2771,14
2757,2772,32
2758,2773,18
2759,2774,30
2760,2775,31
2761,2776,18
2762,2777,22
2763,2778,35
2764,2779,27
2765,2780,23
2766,2781,19
2767,2782,25
2768,2783,35
2769,2784,27
2770,2785,25
2771,2786,23
2772,2787,30
2773,2788,19
2774,2789,33
2775,2790,17
2776,2791,28
2777,2792,21
2778,2793,15
2779,2794,31
2780,2795,31
2781,2796,27
2782,2797,18
2783,2798,18
2784,2799,26
2785,2800,16
2786,2801,25
2787,2802,25
2788,2803,26
2789,2804,18
2790,2805,13
2791,2806,19
2792,2807,24
2793,2808,20
2794,2809,24
2795,2810,27
2796,2811,17
2797,2812,19
2798,2813,30
2799,2814,19
2800,2815,27
2801,2816,22
2802,2817,19
2803,2819,39
2804,2820,20
2805,2821,34
2806,2822,6
2807,2823,29
2808,2824,23
2809,2825,26
2810,2826,32
2811,2827,18
2812,2828,12
2813,2829,35
2814,2830,28
2815,2831,18
2816,2832,27
2817,2833,14
2818,2834,26
2819,2835,30
2820,2836,30
2821,2837,23
2822,2838,15
2823,2839,10
2824,2840,20
2825,2841,26
2826,2842,27
2827,2843,28
2828,2844,24
2829,2845,27
2830,2846,28
2831,2847,19
2832,2848,13
2833,2849,7
2834,2850,33
2835,2851,18
2836,2852,20
2837,2853,22
2838,2854,24
2839,2855,19
2840,2856,24
2841,2857,20
2842,2858,33
2843,2859,5
2844,2860,22
2845,2861,20
2846,2862,27
2847,2863,37
2848,2864,18
2849,2865,28
2850,2866,8
2851,2867,15
2852,2869,15
2853,2870,29
2854,2871,26
2855,2872,10
2856,2873,33
2857,2874,35
2858,2875,16
2859,2876,14
2860,2877,34
2861,2878,10
2862,2879,21
2863,2880,24
2864,2881,35
2865,2882,23
2866,2883,17
2867,2884,22
2868,2885,31
2869,2886,24
2870,2887,28
2871,2888,23
2872,2889,20
2873,2890,17
2874,2891,3
2875,2892,15
2876,2893,25
2877,2894,18
2878,2895,22
2879,2896,26
2880,2897,13
2881,2898,15
2882,2899,40
2883,2900,17
2884,2901,16
2885,2902,16
2886,2903,15
2887,2904,15
2888,2905,25
2889,2906,37
2890,2907,34
2891,2908,18
2892,2909,17
2893,2910,5
2894,2911,34
2895,2912,30
2896,2913,27
2897,2914,25
2898,2915,25
2899,2916,21
2900,2917,8
2901,2918,23
2902,2919,33
2903,2920,26
2904,2921,30
2905,2922,20
2906,2923,17
2907,2924,39
2908,2925,45
2909,2926,42
2910,2927,42
2911,2928,41
2912,2929,42
2913,2930,33
2914,2931,32
2915,2932,14
2916,2933,24
2917,2934,25
2918,2935,30
2919,2936,12
2920,2937,26
2921,2938,28
2922,2939,28
2923,2940,15
2924,2941,15
2925,2942,8
2926,2943,8
2927,2944,26
2928,2945,29
2929,2946,31
2930,2947,22
2931,2948,24
2932,2949,31
2933,2950,36
2934,2951,26
2935,2952,18
2936,2953,15
2937,2954,18
2938,2955,26
2939,2956,28
2940,2957,19
2941,2958,33
2942,2959,19
2943,2960,10
2944,2961,25
2945,2962,15
2946,2963,11
2947,2964,38
2948,2965,27
2949,2966,30
2950,2967,15
2951,2968,13
2952,2969,23
2953,2970,25
2954,2971,13
2955,2972,10
2956,2973,24
2957,2974,29
2958,2975,18
2959,2976,20
2960,2977,27
2961,2978,9
2962,2979,23
2963,2980,15
2964,2981,18
2965,2982,30
2966,2983,14
2967,2984,32
2968,2985,22
2969,2986,20
2970,2987,15
2971,2988,32
2972,2989,15
2973,2990,20
2974,2991,22
2975,2992,22
2976,2993,28
2977,2994,21
2978,2995,27
2979,2996,32
2980,2997,16
2981,2998,26
2982,2999,21
2983,3000,29
2984,3001,29
2985,3002,27
2986,3003,38
2987,3004,15
2988,3005,19
2989,3006,25
2990,3007,33
2991,3008,5
2992,3009,48
2993,3010,14
2994,3011,8
2995,3012,27
2996,3013,25
2997,3014,15
2998,3015,27
2999,3016,27
3000,3017,33
3001,3018,27
3002,3019,1
3003,3020,33
3004,3021,19
3005,3022,27
3006,3023,25
3007,3024,15
3008,3025,24
3009,3026,17
3010,3027,32
3011,3028,38
3012,3029,27
3013,3030,22
3014,3031,29
3015,3032,19
3016,3033,38
3017,3034,33
3018,3035,22
3019,3036,28
3020,3037,13
3021,3038,17
3022,3039,24
3023,3040,16
3024,3041,21
3025,3042,23
3026,3043,23
3027,3044,20
3028,3045,37
3029,3046,23
3030,3047,27
3031,3048,26
3032,3049,16
3033,3050,29
3034,3051,22
3035,3052,18
3036,3053,20
3037,3054,25
3038,3055,25
3039,3056,19
3040,3057,23
3041,3058,18
3042,3059,16
3043,3060,25
3044,3061,14
3045,3062,35
3046,3063,19
3047,3064,22
3048,3065,37
3049,3066,16
3050,3067,17
3051,3068,29
3052,3069,14
3053,3070,18
3054,3071,28
3055,3072,28
3056,3073,18
3057,3074,30
3058,3075,31
3059,3076,30
3060,3077,27
3061,3078,16
3062,3079,16
3063,3080,14
3064,3081,18
3065,3082,16
3066,3083,16
3067,3084,16
3068,3085,18
3069,3086,33
3070,3087,23
3071,3088,15
3072,3089,11
3073,3090,24
3074,3091,16
3075,3092,27
3076,3093,24
3077,3094,26
3078,3095,31
3079,3096,11
3080,3097,30
3081,3098,38
3082,3099,24
3083,3100,14
3084,3101,18
3085,3102,22
3086,3103,11
3087,3104,24
3088,3105,23
3089,3106,7
3090,3107,23
3091,3108,25
3092,3109,27
3093,3110,7
3094,3111,40
3095,3112,24
3096,3113,25
3097,3114,28
3098,3115,17
3099,3116,23
3100,3117,17
3101,3118,20
3102,3119,10
3103,3120,26
3104,3121,11
3105,3122,14
3106,3123,10
3107,3124,11
3108,3125,11
3109,3126,11
3110,3127,19
3111,3128,45
3112,3129,21
3113,3130,22
3114,3131,22
3115,3132,36
3116,3133,40
3117,3134,42
3118,3135,21
3119,3136,25
3120,3137,12
3121,3138,10
3122,3139,27
3123,3140,17
3124,3141,20
3125,3142,21
3126,3143,19
3127,3144,28
3128,3145,11
3129,3146,15
3130,3147,15
3131,3148,22
3132,3149,38
3133,3150,17
3134,3151,23
3135,3152,30
3136,3153,18
3137,3154,18
3138,3155,25
3139,3156,25
3140,3157,24
3141,3158,22
3142,3159,29
3143,3160,26
3144,3161,32
3145,3162,35
3146,3163,10
3147,3164,16
3148,3165,19
3149,3166,16
3150,3167,26
3151,3168,16
3152,3169,33
3153,3170,18
3154,3171,17
3155,3172,27
3156,3173,21
3157,3174,52
3158,3175,26
3159,3176,16
3160,3177,16
3161,3178,28
3162,3179,17
3163,3180,9
3164,3181,30
3165,3182,51
3166,3183,51
3167,3184,51
3168,3185,26
3169,3186,51
3170,3187,30
3171,3188,20
3172,3189,22
3173,3190,17
3174,3191,26
3175,3192,24
3176,3193,22
3177,3194,13
3178,3195,15
3179,3196,20
3180,3197,16
3181,3198,17
3182,3199,32
3183,3200,9
3184,3201,19
3185,3202,4
3186,3203,16
3187,3204,21
3188,3205,35
3189,3206,21
3190,3207,20
3191,3208,29
3192,3209,35
3193,3210,22
3194,3211,14
3195,3212,14
3196,3213,24
3197,3214,14
3198,3215,21
3199,3216,17
3200,3217,21
3201,3218,28
3202,3219,17
3203,3220,9
3204,3221,25
3205,3222,11
3206,3223,36
3207,3224,27
3208,3225,24
3209,3226,26
3210,3227,16
3211,3228,21
3212,3229,15
3213,3230,13
3214,3231,9
3215,3232,15
3216,3233,18
3217,3234,11
3218,3235,20
3219,3236,25
3220,3237,26
3221,3238,15
3222,3239,26
3223,3240,10
3224,3241,25
3225,3242,31
3226,3243,31
3227,3244,30
3228,3245,28
3229,3246,21
3230,3247,24
3231,3248,14
3232,3249,18
3233,3250,22
3234,3251,29
3235,3252,21
3236,3253,32
3237,3254,26
3238,3255,22
3239,3256,17
3240,3257,24
3241,3258,14
3242,3259,24
3243,3260,14
3244,3261,28
3245,3262,15
3246,3263,17
3247,3264,13
3248,3265,16
3249,3266,14
3250,3267,20
3251,3268,21
3252,3269,2
3253,3270,18
3254,3271,22
3255,3272,25
3256,3273,9
3257,3274,15
3258,3275,15
3259,3276,19
3260,3277,14
3261,3278,22
3262,3279,35
3263,3280,18
3264,3281,27
3265,3282,11
3266,3283,35
3267,3284,35
3268,3285,35
3269,3286,17
3270,3287,15
3271,3288,9
3272,3289,36
3273,3290,27
3274,3291,11
3275,3292,19
3276,3293,15
3277,3294,20
3278,3295,21
3279,3296,21
3280,3297,27
3281,3298,19
3282,3299,17
3283,3300,26
3284,3301,26
3285,3302,9
3286,3303,25
3287,3304,12
3288,3305,18
3289,3306,28
3290,3307,30
3291,3308,2
3292,3309,13
3293,3310,13
3294,3311,34
3295,3312,30
3296,3313,21
3297,3314,20
3298,3315,23
3299,3316,28
3300,3317,20
3301,3318,29
3302,3319,9
3303,3320,22
3304,3321,21
3305,3322,21
3306,3323,23
3307,3324,18
3308,3325,22
3309,3326,25
3310,3327,16
3311,3328,14
3312,3329,24
3313,3330,13
3314,3331,25
3315,3332,17
3316,3333,17
3317,3334,25
3318,3335,31
3319,3336,24
3320,3337,30
3321,3338,23
3322,3339,37
3323,3340,30
3324,3341,30
3325,3342,20
3326,3343,21
3327,3344,43
3328,3345,20
3329,3346,18
3330,3347,15
3331,3348,34
3332,3349,18
3333,3350,13
3334,3351,14
3335,3352,8
3336,3353,35
3337,3354,19
3338,3355,43
3339,3356,15
3340,3357,16
3341,3358,22
3342,3359,19
3343,3360,17
3344,3361,13
3345,3362,25
3346,3363,28
3347,3364,29
3348,3365,25
3349,3366,21
3350,3367,35
3351,3368,25
3352,3369,20
3353,3370,16
3354,3371,14
3355,3372,22
3356,3373,17
3357,3374,17
3358,3375,15
3359,3376,18
3360,3377,16
3361,3378,30
3362,3379,35
3363,3380,23
3364,3381,34
3365,3382,12
3366,3383,26
3367,3384,14
3368,3385,28
3369,3386,13
3370,3387,33
3371,3388,28
3372,3389,39
3373,3390,15
3374,3391,8
3375,3392,15
3376,3393,17
3377,3394,16
3378,3395,26
3379,3396,26
3380,3397,29
3381,3398,18
3382,3399,11
3383,3400,16
3384,3401,22
3385,3402,16
3386,3403,29
3387,3404,13
3388,3405,22
3389,3406,8
3390,3407,24
3391,3408,13
3392,3409,20
3393,3410,37
3394,3411,7
3395,3412,9
3396,3413,14
3397,3414,10
3398,3415,11
3399,3416,13
3400,3417,10
3401,3418,10
3402,3419,12
3403,3420,35
3404,3421,12
3405,3422,14
3406,3423,38
3407,3424,12
3408,3425,21
3409,3426,31
3410,3427,20
3411,3428,18
3412,3429,22
3413,3430,12
3414,3431,10
3415,3432,19
3416,3433,17
3417,3434,27
3418,3435,22
3419,3436,27
3420,3437,35
3421,3438,23
3422,3439,22
3423,3440,25
3424,3441,19
3425,3442,10
3426,3443,21
3427,3444,23
3428,3445,24
3429,3446,30
3430,3447,29
3431,3448,22
3432,3449,20
3433,3450,29
3434,3451,27
3435,3452,27
3436,3453,27
3437,3454,17
3438,3455,21
3439,3456,20
3440,3457,27
3441,3458,17
3442,3459,21
3443,3460,17
3444,3461,25
3445,3462,25
3446,3463,43
3447,3464,33
3448,3465,34
3449,3466,31
3450,3467,26
3451,3468,31
3452,3469,38
3453,3470,26
3454,3471,23
3455,3472,30
3456,3473,21
3457,3474,16
3458,3475,15
3459,3476,37
3460,3477,28
3461,3478,36
3462,3479,35
3463,3480,21
3464,3481,28
3465,3482,24
3466,3483,26
3467,3484,10
3468,3485,37
3469,3486,27
3470,3487,33
3471,3488,32
3472,3489,31
3473,3490,14
3474,3491,16
3475,3492,17
3476,3493,35
3477,3494,3
3478,3495,13
3479,3496,27
3480,3497,27
3481,3498,21
3482,3499,9
3483,3500,16
3484,3501,30
3485,3502,23
3486,3503,17
3487,3504,24
3488,3505,19
3489,3506,28
3490,3507,23
3491,3508,34
3492,3509,14
3493,3510,24
3494,3511,33
3495,3512,25
3496,3513,23
3497,3514,17
3498,3515,17
3499,3516,53
3500,3517,23
3501,3518,54
3502,3519,26
3503,3520,24
3504,3521,31
3505,3522,14
3506,3523,29
3507,3524,33
3508,3525,24
3509,3526,22
3510,3527,26
3511,3528,20
3512,3529,20
3513,3530,28
3514,3531,25
3515,3532,21
3516,3533,29
3517,3534,25
3518,3535,25
3519,3536,25
3520,3537,9
3521,3538,20
3522,3539,20
3523,3540,20
3524,3541,28
3525,3542,33
3526,3543,23
3527,3544,14
3528,3545,21
3529,3546,30
3530,3547,17
3531,3548,14
3532,3549,34
3533,3550,14
3534,3551,27
3535,3552,22
3536,3553,22
3537,3554,10
3538,3555,9
3539,3556,12
3540,3557,1
3541,3558,13
3542,3559,24
3543,3560,18
3544,3561,38
3545,3562,16
3546,3563,22
3547,3564,15
3548,3565,23
3549,3566,29
3550,3567,17
3551,3568,24
3552,3569,20
3553,3570,25
3554,3571,23
3555,3572,16
3556,3573,8
3557,3574,22
3558,3575,28
3559,3576,22
3560,3577,14
3561,3578,25
3562,3579,31
3563,3580,27
3564,3581,17
3565,3582,26
3566,3583,30
3567,3584,21
3568,3585,17
3569,3586,17
3570,3587,35
3571,3588,29
3572,3589,25
3573,3590,23
3574,3591,24
3575,3592,29
3576,3593,20
3577,3594,16
3578,3595,27
3579,3596,34
3580,3597,28
3581,3598,25
3582,3599,32
3583,3600,31
3584,3601,37
3585,3602,12
3586,3603,32
3587,3604,18
3588,3605,21
3589,3606,21
3590,3607,33
3591,3608,12
3592,3609,12
3593,3610,14
3594,3611,18
3595,3612,17
3596,3613,37
3597,3614,18
3598,3615,35
3599,3616,40
3600,3617,26
3601,3618,30
3602,3619,30
3603,3620,19
3604,3621,20
3605,3622,18
3606,3623,26
3607,3624,19
3608,3625,21
3609,3626,30
3610,3627,26
3611,3628,25
3612,3629,23
3613,3630,27
3614,3631,28
3615,3632,21
3616,3633,25
3617,3634,28
3618,3635,9
3619,3636,21
3620,3637,32
3621,3638,19
3622,3639,28
3623,3640,28
3624,3641,39
3625,3642,26
3626,3643,18
3627,3644,40
3628,3645,24
3629,3646,24
3630,3647,11
3631,3648,34
3632,3649,11
3633,3650,27
3634,3651,15
3635,3652,16
3636,3653,25
3637,3654,33
3638,3655,17
3639,3656,22
3640,3657,16
3641,3658,15
3642,3659,40
3643,3660,29
3644,3661,8
3645,3662,23
3646,3663,15
3647,3664,12
3648,3665,18
3649,3666,37
3650,3667,21
3651,3668,35
3652,3669,26
3653,3670,25
3654,3671,20
3655,3672,14
3656,3673,15
3657,3674,19
3658,3675,12
3659,3676,21
3660,3677,25
3661,3678,22
3662,3679,2
3663,3680,30
3664,3681,13
3665,3682,32
3666,3683,27
3667,3684,21
3668,3685,19
3669,3686,26
3670,3687,27
3671,3688,28
3672,3689,5
3673,3690,25
3674,3691,25
3675,3692,17
3676,3693,24
3677,3694,26
3678,3695,23
3679,3696,14
3680,3697,22
3681,3698,12
3682,3699,31
3683,3700,13
3684,3701,19
3685,3702,11
3686,3703,34
3687,3704,25
3688,3705,26
3689,3706,33
3690,3707,19
3691,3708,11
3692,3709,14
3693,3710,18
3694,3711,16
3695,3712,24
3696,3713,18
3697,3714,19
3698,3715,13
3699,3716,26
3700,3717,11
3701,3718,7
3702,3719,22
3703,3720,21
3704,3721,20
3705,3722,20
3706,3723,20
3707,3724,24
3708,3725,14
3709,3726,30
3710,3727,28
3711,3728,28
3712,3729,23
3713,3730,24
3714,3731,4
3715,3732,22
3716,3733,13
3717,3734,19
3718,3735,31
3719,3736,16
3720,3737,38
3721,3738,20
3722,3739,22
3723,3740,24
3724,3741,22
3725,3742,26
3726,3743,20
3727,3744,21
3728,3745,15
3729,3746,20
3730,3747,17
3731,3748,22
3732,3749,14
3733,3750,25
3734,3751,11
3735,3752,20
3736,3753,16
3737,3754,18
3738,3755,20
3739,3756,15
3740,3757,31
3741,3758,13
3742,3759,7
3743,3760,20
3744,3761,35
3745,3762,8
3746,3763,13
3747,3764,28
3748,3765,29
3749,3766,7
3750,3767,23
3751,3768,32
3752,3769,20
3753,3770,35
3754,3771,24
3755,3772,22
3756,3773,25
3757,3774,22
3758,3775,23
3759,3776,35
3760,3777,29
3761,3778,12
3762,3779,32
3763,3780,17
3764,3781,7
3765,3782,30
3766,3783,19
3767,3784,18
3768,3785,15
3769,3786,16
3770,3787,15
3771,3788,15
3772,3789,12
3773,3790,11
3774,3791,25
3775,3792,9
3776,3793,30
3777,3794,28
3778,3795,15
3779,3796,13
3780,3797,27
3781,3798,18
3782,3799,23
3783,3800,22
3784,3801,4
3785,3802,19
3786,3803,20
3787,3804,27
3788,3805,16
3789,3806,30
3790,3807,33
3791,3808,40
3792,3809,32
3793,3810,21
3794,3811,26
3795,3812,20
3796,3813,16
3797,3814,21
3798,3815,8
3799,3816,4
3800,3817,14
3801,3818,22
3802,3819,18
3803,3820,21
3804,3821,11
3805,3822,20
3806,3823,16
3807,3824,14
3808,3825,24
3809,3826,10
3810,3827,34
3811,3828,13
3812,3829,19
3813,3830,13
3814,3831,15
3815,3832,17
3816,3833,30
3817,3834,28
3818,3835,16
3819,3836,31
3820,3837,19
3821,3838,16
3822,3839,3
3823,3840,12
3824,3841,27
3825,3842,37
3826,3843,20
3827,3844,27
3828,3845,27
3829,3846,9
3830,3847,24
3831,3848,24
3832,3849,20
3833,3850,14
3834,3851,21
3835,3852,25
3836,3853,23
3837,3854,24
3838,3855,19
3839,3856,14
3840,3857,26
3841,3858,19
3842,3859,28
3843,3860,29
3844,3861,31
3845,3862,23
3846,3863,27
3847,3864,26
3848,3865,20
3849,3866,33
3850,3867,31
3851,3868,22
3852,3869,17
3853,3870,14
3854,3871,8
3855,3872,9
3856,3873,23
3857,3874,27
3858,3875,19
3859,3876,38
3860,3877,12
3861,3878,8
3862,3879,19
3863,3880,19
3864,3881,22
3865,3882,7
3866,3883,15
3867,3884,18
3868,3885,25
3869,3886,16
3870,3887,25
3871,3888,37
3872,3889,38
3873,3890,30
3874,3891,33
3875,3892,18
3876,3893,32
3877,3894,23
3878,3895,19
3879,3896,17
3880,3897,20
3881,3898,26
3882,3899,23
3883,3900,19
3884,3901,37
3885,3902,19
3886,3903,24
3887,3904,15
3888,3905,26
3889,3906,18
3890,3907,32
3891,3908,26
3892,3909,17
3893,3910,12
3894,3911,16
3895,3912,19
3896,3913,12
3897,3914,22
3898,3915,21
3899,3916,13
3900,3917,20
3901,3918,19
3902,3919,7
3903,3920,22
3904,3921,14
3905,3922,23
3906,3923,29
3907,3924,20
3908,3925,22
3909,3926,18
3910,3927,21
3911,3928,28
3912,3929,27
3913,3930,31
3914,3931,8
3915,3932,16
3916,3933,30
3917,3934,18
3918,3935,30
3919,3936,22
3920,3937,26
3921,3938,21
3922,3939,27
3923,3940,18
3924,3941,29
3925,3942,17
3926,3943,26
3927,3944,28
3928,3945,29
3929,3946,22
3930,3947,22
3931,3948,14
3932,3949,21
3933,3950,24
3934,3951,19
3935,3952,27
3936,3953,12
3937,3954,30
3938,3955,36
3939,3956,28
3940,3957,24
3941,3958,20
3942,3959,20
3943,3960,20
3944,3961,20
3945,3962,24
3946,3963,17
3947,3964,30
3948,3965,16
3949,3966,28
3950,3967,17
3951,3968,26
3952,3969,23
3953,3970,17
3954,3971,17
3955,3972,14
3956,3973,28
3957,3974,14
3958,3975,25
3959,3976,22
3960,3977,22
3961,3978,13
3962,3979,17
3963,3980,15
3964,3981,20
3965,3982,16
3966,3983,17
3967,3984,25
3968,3985,22
3969,3986,21
3970,3987,22
3971,3988,16
3972,3989,6
3973,3990,21
3974,3992,18
3975,3993,28
3976,3994,11
3977,3995,14
3978,3996,14
3979,3997,26
3980,3998,31
3981,3999,33
3982,4000,29
3983,4001,35
3984,4002,9
3985,4003,11
3986,4004,25
3987,4005,25
3988,4006,27
3989,4007,16
3990,4008,23
3991,4009,22
3992,4010,15
3993,4011,17
3994,4012,35
3995,4013,22
3996,4014,12
3997,4015,23
3998,4016,28
3999,4017,18
4000,4018,17
4001,4019,27
4002,4020,30
4003,4021,25
4004,4022,14
4005,4023,14
4006,4024,17
4007,4025,8
4008,4026,13
4009,4027,16
4010,4028,16
4011,4029,16
4012,4030,16
4013,4031,16
4014,4032,24
4015,4033,25
4016,4034,23
4017,4035,26
4018,4036,28
4019,4037,21
4020,4038,20
4021,4039,17
4022,4040,39
4023,4041,35
4024,4042,23
4025,4043,29
4026,4044,24
4027,4045,25
4028,4046,15
4029,4047,20
4030,4048,23
4031,4049,26
4032,4050,33
4033,4051,19
4034,4052,37
4035,4053,19
4036,4054,19
4037,4055,17
4038,4056,20
4039,4057,16
4040,4058,21
4041,4059,24
4042,4060,19
4043,4061,32
4044,4062,16
4045,4063,8
4046,4064,30
4047,4065,16
4048,4066,33
4049,4067,21
4050,4068,20
4051,4069,26
4052,4070,18
4053,4071,18
4054,4072,14
4055,4073,34
4056,4074,26
4057,4075,24
4058,4076,33
4059,4077,27
4060,4078,10
4061,4079,14
4062,4080,18
4063,4081,18
4064,4082,29
4065,4083,21
4066,4084,15
4067,4085,18
4068,4086,22
4069,4087,19
4070,4088,20
4071,4089,19
4072,4090,34
4073,4091,29
4074,4092,15
4075,4093,34
4076,4094,21
4077,4095,28
4078,4096,23
4079,4097,20
4080,4098,23
4081,4099,21
4082,4100,22
4083,4101,11
4084,4102,20
4085,4103,25
4086,4104,20
4087,4105,20
4088,4106,20
4089,4107,10
4090,4108,23
4091,4109,18
4092,4110,20
4093,4111,20
4094,4112,26
4095,4113,18
4096,4114,18
4097,4115,16
4098,4116,23
4099,4117,19
4100,4118,31
4101,4119,18
4102,4120,33
4103,4121,29
4104,4122,10
4105,4123,18
4106,4124,1
4107,4125,23
4108,4126,32
4109,4127,26
4110,4128,31
4111,4129,33
4112,4130,19
4113,4131,19
4114,4132,16
4115,4133,20
4116,4134,20
4117,4135,20
4118,4136,20
4119,4137,20
4120,4138,8
4121,4139,8
4122,4140,13
4123,4141,50
4124,4142,6
4125,4143,7
4126,4144,29
4127,4145,13
4128,4146,10
4129,4147,16
4130,4148,35
4131,4149,37
4132,4150,35
4133,4151,37
4134,4152,19
4135,4153,15
4136,4154,25
4137,4155,22
4138,4156,14
4139,4157,26
4140,4158,23
4141,4159,16
4142,4160,37
4143,4161,26
4144,4162,25
4145,4163,34
4146,4164,16
4147,4165,25
4148,4166,14
4149,4167,27
4150,4168,27
4151,4169,18
4152,4170,18
4153,4171,20
4154,4172,15
4155,4173,17
4156,4174,24
4157,4175,29
4158,4176,13
4159,4177,34
4160,4178,29
4161,4179,13
4162,4180,25
4163,4181,11
4164,4182,10
4165,4183,16
4166,4184,21
4167,4185,21
4168,4186,16
4169,4187,20
4170,4188,26
4171,4189,15
4172,4190,36
4173,4191,10
4174,4192,29
4175,4193,29
4176,4194,35
4177,4195,11
4178,4196,16
4179,4197,4
4180,4198,17
4181,4199,27
4182,4200,35
4183,4201,12
4184,4202,29
4185,4203,13
4186,4204,11
4187,4205,14
4188,4206,20
4189,4207,28
4190,4208,20
4191,4209,14
4192,4210,19
4193,4211,21
4194,4212,23
4195,4213,28
4196,4214,26
4197,4215,28
4198,4216,25
4199,4217,22
4200,4218,18
4201,4219,35
4202,4220,14
4203,4221,21
4204,4222,19
4205,4223,22
4206,4224,41
4207,4225,31
4208,4226,20
4209,4227,20
4210,4228,27
4211,4229,27
4212,4230,26
4213,4231,20
4214,4232,20
4215,4233,20
4216,4234,20
4217,4235,20
4218,4236,20
4219,4237,20
4220,4238,20
4221,4239,20
4222,4240,20
4223,4241,20
4224,4242,20
4225,4243,20
4226,4244,20
4227,4245,20
4228,4246,20
4229,4247,20
4230,4248,20
4231,4249,20
4232,4250,20
4233,4251,20
4234,4252,20
4235,4253,20
4236,4254,20
4237,4255,20
4238,4256,20
4239,4257,20
4240,4258,20
4241,4259,20
4242,4260,20
4243,4261,20
4244,4262,20
4245,4263,20
4246,4264,20
4247,4265,17
4248,4266,20
4249,4267,26
4250,4268,21
4251,4269,18
4252,4270,27
4253,4271,29
4254,4272,41
4255,4273,24
4256,4274,16
4257,4275,20
4258,4276,20
4259,4277,18
4260,4278,13
4261,4279,10
4262,4280,20
4263,4281,21
4264,4282,15
4265,4283,33
4266,4284,21
4267,4285,30
4268,4286,14
4269,4287,14
4270,4288,26
4271,4289,17
4272,4290,13
4273,4291,22
4274,4292,17
4275,4293,19
4276,4294,27
4277,4295,10
4278,4296,23
4279,4297,22
4280,4298,39
4281,4299,33
4282,4300,27
4283,4301,39
4284,4302,27
4285,4303,19
4286,4304,17
4287,4305,28
4288,4306,18
4289,4307,22
4290,4308,18
4291,4309,43
4292,4310,41
4293,4311,16
4294,4312,19
4295,4313,19
4296,4314,15
4297,4315,26
4298,4316,25
4299,4317,44
4300,4318,43
4301,4319,8
4302,4320,14
4303,4321,20
4304,4322,20
4305,4323,33
4306,4324,37
4307,4325,22
4308,4326,21
4309,4327,17
4310,4328,15
4311,4329,20
4312,4330,16
4313,4331,23
4314,4332,22
4315,4333,24
4316,4334,15
4317,4335,32
4318,4336,22
4319,4337,21
4320,4338,21
4321,4339,19
4322,4340,15
4323,4341,10
4324,4342,24
4325,4343,24
4326,4344,20
4327,4345,26
4328,4346,22
4329,4347,15
4330,4348,20
4331,4349,20
4332,4350,20
4333,4351,20
4334,4352,20
4335,4353,20
4336,4354,20
4337,4355,20
4338,4356,20
4339,4357,20
4340,4358,17
4341,4359,16
4342,4360,16
4343,4361,16
4344,4362,16
4345,4363,16
4346,4364,16
4347,4365,16
4348,4366,16
4349,4367,16
4350,4368,16
4351,4369,16
4352,4370,16
4353,4371,16
4354,4372,16
4355,4373,19
4356,4374,23
4357,4375,17
4358,4376,12
4359,4377,13
4360,4378,26
4361,4379,15
4362,4380,24
4363,4381,37
4364,4382,41
4365,4383,18
4366,4384,23
4367,4385,44
4368,4386,23
4369,4387,23
4370,4388,22
4371,4389,19
4372,4390,38
4373,4391,5
4374,4392,15
4375,4393,16
4376,4394,13
4377,4395,11
4378,4396,20
4379,4397,14
4380,4398,16
4381,4399,15
4382,4400,22
4383,4401,15
4384,4402,22
4385,4403,24
4386,4404,21
4387,4405,14
4388,4406,18
4389,4407,28
4390,4408,15
4391,4409,19
4392,4410,31
4393,4411,18
4394,4412,14
4395,4413,22
4396,4414,9
4397,4415,27
4398,4416,17
4399,4417,32
4400,4418,32
4401,4419,41
4402,4420,40
4403,4421,22
4404,4422,19
4405,4423,43
4406,4424,11
4407,4425,20
4408,4426,25
4409,4427,23
4410,4428,18
4411,4429,6
4412,4430,20
4413,4431,31
4414,4432,19
4415,4433,28
4416,4434,21
4417,4435,10
4418,4436,14
4419,4437,17
4420,4438,36
4421,4439,26
4422,4440,29
4423,4441,36
4424,4442,32
4425,4443,29
4426,4444,30
4427,4445,38
4428,4446,36
4429,4447,14
4430,4448,15
4431,4449,16
4432,4450,17
4433,4451,19
4434,4452,25
4435,4453,21
4436,4454,33
4437,4455,19
4438,4456,23
4439,4457,10
4440,4458,25
4441,4459,21
4442,4460,17
4443,4461,27
4444,4462,37
4445,4463,25
4446,4464,20
4447,4465,18
4448,4466,23
4449,4467,23
4450,4468,13
4451,4469,29
4452,4470,30
4453,4471,20
4454,4472,32
4455,4473,41
4456,4474,32
4457,4475,31
4458,4476,33
4459,4477,34
4460,4478,30
4461,4479,16
4462,4480,33
4463,4481,14
4464,4482,21
4465,4483,18
4466,4484,20
4467,4485,11
4468,4486,17
4469,4487,31
4470,4488,33
4471,4489,28
4472,4490,28
4473,4491,27
4474,4492,10
4475,4493,24
4476,4494,30
4477,4495,18
4478,4496,9
4479,4497,2
4480,4498,27
4481,4499,26
4482,4500,6
4483,4501,14
4484,4502,20
4485,4503,2
4486,4504,29
4487,4505,15
4488,4506,15
4489,4507,22
4490,4508,22
4491,4509,22
4492,4510,22
4493,4511,20
4494,4512,15
4495,4513,25
4496,4514,22
4497,4515,45
4498,4516,41
4499,4517,42
4500,4518,42
4501,4519,22
4502,4520,16
4503,4521,10
4504,4522,27
4505,4523,16
4506,4524,18
4507,4525,24
4508,4526,23
4509,4527,23
4510,4528,35
4511,4529,22
4512,4530,31
4513,4531,20
4514,4532,60
4515,4533,19
4516,4534,37
4517,4535,30
4518,4536,22
4519,4537,28
4520,4538,22
4521,4539,11
4522,4540,22
4523,4541,26
4524,4542,53
4525,4543,24
4526,4544,23
4527,4545,13
4528,4546,19
4529,4547,33
4530,4548,25
4531,4549,28
4532,4550,28
4533,4551,16
4534,4552,36
4535,4553,35
4536,4554,31
4537,4555,32
4538,4556,35
4539,4557,18
4540,4558,19
4541,4559,26
4542,4560,17
4543,4561,12
4544,4562,39
4545,4563,11
4546,4564,25
4547,4565,32
4548,4566,34
4549,4567,23
4550,4568,30
4551,4569,23
4552,4570,22
4553,4571,23
4554,4572,19
4555,4573,32
4556,4574,23
4557,4575,2
4558,4576,44
4559,4577,28
4560,4578,36
4561,4579,28
4562,4580,29
4563,4581,15
4564,4582,26
4565,4583,13
4566,4584,15
4567,4585,4
4568,4586,12
4569,4587,28
4570,4588,23
4571,4589,18
4572,4590,35
4573,4591,33
4574,4592,19
4575,4593,15
4576,4594,20
4577,4595,24
4578,4596,30
4579,4597,28
4580,4598,16
4581,4599,8
4582,4600,28
4583,4601,14
4584,4602,20
4585,4603,18
4586,4604,29
4587,4605,14
4588,4606,25
4589,4607,16
4590,4608,32
4591,4609,11
4592,4610,14
4593,4611,11
4594,4612,19
4595,4613,33
4596,4614,28
4597,4615,30
4598,4616,24
4599,4617,40
4600,4618,3
4601,4619,24
4602,4620,19
4603,4621,25
4604,4622,31
4605,4623,20
4606,4624,33
4607,4625,16
4608,4626,20
4609,4627,18
4610,4628,16
4611,4629,34
4612,4630,30
4613,4631,35
4614,4632,36
4615,4633,30
4616,4634,31
4617,4635,36
4618,4636,28
4619,4637,18
4620,4638,18
4621,4639,22
4622,4640,21
4623,4641,26
4624,4642,15
4625,4643,21
4626,4644,26
4627,4645,18
4628,4646,16
4629,4647,37
4630,4648,30
4631,4649,19
4632,4650,19
4633,4651,20
4634,4652,19
4635,4653,24
4636,4654,24
4637,4655,25
4638,4656,28
4639,4657,28
4640,4658,35
4641,4659,21
4642,4660,18
4643,4661,31
4644,4662,5
4645,4663,26
4646,4664,20
4647,4665,15
4648,4666,37
4649,4667,33
4650,4668,29
4651,4669,21
4652,4670,28
4653,4671,16
4654,4672,17
4655,4673,18
4656,4674,12
4657,4675,22
4658,4676,23
4659,4677,29
4660,4678,6
4661,4679,19
4662,4680,18
4663,4681,17
4664,4682,18
4665,4683,18
4666,4684,17
4667,4685,20
4668,4686,13
4669,4687,16
4670,4688,28
4671,4689,17
4672,4690,25
4673,4691,18
4674,4692,13
4675,4693,20
4676,4694,16
4677,4695,31
4678,4696,28
4679,4697,19
4680,4698,8
4681,4699,11
4682,4700,21
4683,4701,22
4684,4702,18
4685,4703,22
4686,4704,22
4687,4705,22
4688,4706,6
4689,4707,19
4690,4708,19
4691,4709,37
4692,4710,40
4693,4711,19
4694,4712,32
4695,4713,19
4696,4714,16
4697,4715,24
4698,4716,4
4699,4717,20
4700,4718,19
4701,4719,15
4702,4720,30
4703,4721,11
4704,4722,26
4705,4723,26
4706,4724,22
4707,4725,28
4708,4726,43
4709,4727,18
4710,4728,25
4711,4729,32
4712,4730,7
4713,4731,29
4714,4732,20
4715,4733,31
4716,4734,26
4717,4735,28
4718,4736,26
4719,4737,29
4720,4738,27
4721,4739,31
4722,4740,26
4723,4741,26
4724,4742,22
4725,4743,38
4726,4744,16
4727,4745,21
4728,4746,20
4729,4747,29
4730,4748,29
4731,4749,25
4732,4750,21
4733,4751,7
4734,4752,24
4735,4753,19
4736,4754,26
4737,4755,19
4738,4756,26
4739,4757,28
4740,4758,24
4741,4759,23
4742,4760,26
4743,4761,41
4744,4762,12
4745,4763,18
4746,4764,27
4747,4765,14
4748,4766,28
4749,4767,14
4750,4768,18
4751,4769,16
4752,4770,31
4753,4771,16
4754,4772,21
4755,4773,28
4756,4774,29
4757,4775,17
4758,4776,20
4759,4777,13
4760,4778,17
4761,4779,20
4762,4780,23
4763,4781,19
4764,4782,26
4765,4783,25
4766,4784,28
4767,4785,17
4768,4786,17
4769,4787,17
4770,4788,17
4771,4789,20
4772,4790,23
4773,4791,27
4774,4792,28
4775,4793,18
4776,4794,6
4777,4795,21
4778,4796,30
4779,4797,27
4780,4798,23
4781,4799,31
4782,4800,28
4783,4801,23
4784,4802,18
4785,4803,25
4786,4804,26
4787,4805,9
4788,4806,22
4789,4807,28
4790,4808,9
4791,4809,16
4792,4810,15
4793,4811,28
4794,4812,29
4795,4813,17
4796,4814,26
4797,4815,23
4798,4816,37
4799,4817,16
4800,4818,16
4801,4819,24
4802,4820,27
4803,4821,21
4804,4822,16
4805,4823,28
4806,4824,33
4807,4825,19
4808,4826,7
4809,4827,33
4810,4828,33
4811,4829,18
4812,4830,15
4813,4831,17
4814,4832,22
4815,4833,29
4816,4834,5
4817,4835,19
4818,4836,33
4819,4837,32
4820,4838,12
4821,4839,29
4822,4840,24
4823,4841,35
4824,4842,20
4825,4843,16
4826,4844,9
4827,4845,34
4828,4846,10
4829,4847,17
4830,4848,18
4831,4849,35
4832,4850,17
4833,4851,31
4834,4852,33
4835,4853,17
4836,4854,26
4837,4855,17
4838,4856,9
4839,4857,19
4840,4858,26
4841,4859,32
4842,4860,17
4843,4861,17
4844,4862,30
4845,4863,32
4846,4864,33
4847,4865,29
4848,4866,18
4849,4867,15
4850,4868,12
4851,4869,26
4852,4870,30
4853,4871,16
4854,4872,17
4855,4873,17
4856,4874,25
4857,4875,15
4858,4876,21
4859,4877,20
4860,4878,16
4861,4879,20
4862,4880,17
4863,4881,18
4864,4882,18
4865,4883,19
4866,4884,30
4867,4885,18
4868,4886,16
4869,4887,23
4870,4888,26
4871,4889,23
4872,4890,12
4873,4891,12
4874,4892,12
4875,4893,31
4876,4894,15
4877,4895,22
4878,4896,16
4879,4897,18
4880,4898,20
4881,4899,20
4882,4900,16
4883,4901,18
4884,4902,8
4885,4903,33
4886,4904,33
4887,4905,12
4888,4906,17
4889,4907,17
4890,4908,23
4891,4909,26
4892,4910,19
4893,4911,23
4894,4912,18
4895,4913,19
4896,4914,15
4897,4915,26
4898,4916,28
4899,4917,18
4900,4918,17
4901,4919,18
4902,4920,15
4903,4921,19
4904,4922,20
4905,4923,23
4906,4924,25
4907,4925,11
4908,4926,15
4909,4927,11
4910,4928,16
4911,4929,13
4912,4930,21
4913,4931,25
4914,4932,26
4915,4933,31
4916,4934,23
4917,4935,15
4918,4936,12
4919,4937,16
4920,4938,37
4921,4939,20
4922,4940,23
4923,4941,24
4924,4942,20
4925,4943,32
4926,4944,18
4927,4945,21
4928,4946,23
4929,4947,29
4930,4948,20
4931,4949,17
4932,4950,28
4933,4951,25
4934,4952,21
4935,4953,26
4936,4954,29
4937,4955,21
4938,4956,24
4939,4957,16
4940,4958,23
4941,4959,21
4942,4960,22
4943,4961,25
4944,4962,21
4945,4963,27
4946,4964,19
4947,4965,19
4948,4966,22
4949,4967,28
4950,4968,28
4951,4969,21
4952,4970,19
4953,4971,7
4954,4972,12
4955,4973,35
4956,4974,19
4957,4975,19
4958,4976,16
4959,4977,21
4960,4978,15
4961,4979,17
4962,4980,27
4963,4981,18
4964,4982,24
4965,4983,20
4966,4984,19
4967,4985,6
4968,4986,22
4969,4987,14
4970,4988,19
4971,4989,16
4972,4990,26
4973,4991,18
4974,4992,13
4975,4993,27
4976,4994,29
4977,4995,28
4978,4996,16
4979,4997,16
4980,4998,16
4981,4999,9
4982,5000,17
4983,5001,28
4984,5002,11
4985,5003,26
4986,5004,21
4987,5005,24
4988,5006,18
4989,5007,18
4990,5008,37
4991,5009,24
4992,5010,18
4993,5011,30
4994,5012,17
4995,5013,8
4996,5014,17
4997,5015,18
4998,5016,18
4999,5017,21
5000,5018,32
5001,5019,29
5002,5020,22
5003,5021,37
5004,5022,36
5005,5023,12
5006,5024,37
5007,5025,31
5008,5026,16
5009,5027,22
5010,5028,16
5011,5029,38
5012,5030,23
5013,5031,15
5014,5032,17
5015,5033,30
5016,5034,40
5017,5035,16
5018,5036,8
5019,5037,13
5020,5038,19
5021,5039,22
5022,5040,33
5023,5041,15
5024,5042,28
5025,5043,59
5026,5044,15
5027,5045,18
5028,5046,17
5029,5047,25
5030,5048,25
5031,5049,17
5032,5050,25
5033,5051,16
5034,5052,23
5035,5053,26
5036,5054,22
5037,5055,33
5038,5056,2
5039,5057,30
5040,5058,24
5041,5059,28
5042,5060,38
5043,5061,5
5044,5062,12
5045,5063,20
5046,5064,20
5047,5065,8
5048,5066,20
5049,5067,16
5050,5068,18
5051,5069,20
5052,5070,39
5053,5071,7
5054,5072,14
5055,5073,42
5056,5074,18
5057,5075,13
5058,5076,17
5059,5077,15
5060,5078,36
5061,5079,8
5062,5080,18
5063,5081,24
5064,5082,24
5065,5083,20
5066,5084,20
5067,5085,20
5068,5086,20
5069,5087,22
5070,5088,20
5071,5089,34
5072,5090,27
5073,5091,8
5074,5092,32
5075,5093,24
5076,5094,23
5077,5095,30
5078,5096,26
5079,5097,27
5080,5098,27
5081,5099,17
5082,5100,18
5083,5101,4
5084,5102,22
5085,5103,36
5086,5104,26
5087,5105,18
5088,5106,11
5089,5107,16
5090,5108,11
5091,5109,14
5092,5110,17
5093,5111,31
5094,5112,19
5095,5113,20
5096,5114,12
5097,5115,21
5098,5116,8
5099,5117,23
5100,5118,21
5101,5119,12
5102,5120,17
5103,5121,21
5104,5122,22
5105,5123,20
5106,5124,17
5107,5125,29
5108,5126,35
5109,5127,15
5110,5128,14
5111,5129,17
5112,5130,18
5113,5131,23
5114,5132,29
5115,5133,15
5116,5134,18
5117,5135,15
5118,5136,17
5119,5137,15
5120,5138,37
5121,5139,19
5122,5140,32
5123,5141,28
5124,5142,18
5125,5143,21
5126,5144,9
5127,5145,24
5128,5146,15
5129,5147,20
5130,5148,32
5131,5149,39
5132,5150,43
5133,5151,18
5134,5152,39
5135,5153,20
5136,5154,39
5137,5155,18
5138,5156,20
5139,5157,4
5140,5158,23
5141,5159,26
5142,5160,18
5143,5161,23
5144,5162,13
5145,5163,21
5146,5164,20
5147,5165,21
5148,5166,11
5149,5167,11
5150,5168,12
5151,5169,11
5152,5170,19
5153,5171,20
5154,5172,18
5155,5173,20
5156,5174,19
5157,5175,18
5158,5176,23
5159,5177,22
5160,5178,17
5161,5179,18
5162,5180,14
5163,5181,16
5164,5182,15
5165,5183,22
5166,5184,25
5167,5185,15
5168,5186,12
5169,5187,17
5170,5188,16
5171,5189,19
5172,5190,31
5173,5191,21
5174,5192,21
5175,5193,24
5176,5194,33
5177,5195,17
5178,5196,33
5179,5197,13
5180,5198,35
5181,5199,12
5182,5200,17
5183,5201,17
5184,5202,18
5185,5203,25
5186,5204,14
5187,5205,17
5188,5206,18
5189,5207,17
5190,5208,22
5191,5209,20
5192,5210,22
5193,5211,23
5194,5212,22
5195,5213,28
5196,5214,34
5197,5215,17
5198,5216,24
5199,5217,17
5200,5218,17
5201,5219,16
5202,5220,14
5203,5221,30
5204,5222,28
5205,5223,25
5206,5224,29
5207,5225,17
5208,5226,18
5209,5227,14
5210,5228,27
5211,5229,18
5212,5230,21
5213,5231,38
5214,5232,20
5215,5233,24
5216,5234,21
5217,5235,20
5218,5236,23
5219,5237,18
5220,5238,24
5221,5239,21
5222,5240,18
5223,5241,16
5224,5242,18
5225,5243,18
5226,5244,15
5227,5245,17
5228,5246,16
5229,5247,16
5230,5248,33
5231,5249,11
5232,5250,24
5233,5251,16
5234,5252,31
5235,5253,10
5236,5254,19
5237,5255,27
5238,5256,9
5239,5257,1
5240,5258,16
5241,5259,22
5242,5260,14
5243,5261,22
5244,5262,35
5245,5263,11
5246,5264,37
5247,5265,37
5248,5266,36
5249,5267,14
5250,5268,25
5251,5269,18
5252,5270,12
5253,5271,12
5254,5272,8
5255,5273,31
5256,5274,20
5257,5275,22
5258,5276,31
5259,5277,43
5260,5278,25
5261,5279,20
5262,5280,41
5263,5281,27
5264,5282,22
5265,5283,19
5266,5284,19
5267,5285,15
5268,5286,16
5269,5287,37
5270,5288,22
5271,5289,24
5272,5290,18
5273,5291,13
5274,5292,22
5275,5293,18
5276,5294,15
5277,5295,15
5278,5296,37
5279,5297,12
5280,5298,11
5281,5299,20
5282,5300,20
5283,5301,20
5284,5302,20
5285,5303,20
5286,5304,20
5287,5305,20
5288,5306,20
5289,5307,20
5290,5308,20
5291,5309,20
5292,5310,20
5293,5311,20
5294,5312,20
5295,5313,16
5296,5314,16
5297,5315,16
5298,5316,12
5299,5317,8
5300,5318,11
5301,5319,32
5302,5320,27
5303,5321,13
5304,5322,29
5305,5323,10
5306,5324,21
5307,5325,37
5308,5326,20
5309,5327,20
5310,5328,20
5311,5329,20
5312,5330,20
5313,5331,20
5314,5332,20
5315,5333,34
5316,5334,17
5317,5335,17
5318,5336,24
5319,5337,25
5320,5338,27
5321,5339,13
5322,5340,24
5323,5341,20
5324,5342,20
5325,5343,20
5326,5344,16
5327,5345,18
5328,5346,39
5329,5347,27
5330,5348,17
5331,5349,27
5332,5350,22
5333,5351,24
5334,5352,24
5335,5353,30
5336,5354,28
5337,5355,41
5338,5356,13
5339,5357,27
5340,5358,23
5341,5359,22
5342,5360,30
5343,5361,29
5344,5362,37
5345,5363,17
5346,5364,19
5347,5365,27
5348,5366,23
5349,5367,24
5350,5368,19
5351,5369,22
5352,5370,23
5353,5371,25
5354,5372,17
5355,5373,17
5356,5374,10
5357,5375,15
5358,5376,14
5359,5377,18
5360,5378,17
5361,5379,14
5362,5380,17
5363,5381,15
5364,5382,24
5365,5383,22
5366,5384,22
5367,5385,29
5368,5386,22
5369,5387,20
5370,5388,31
5371,5389,31
5372,5390,31
5373,5391,31
5374,5392,31
5375,5393,31
5376,5394,31
5377,5395,31
5378,5396,33
5379,5397,34
5380,5398,27
5381,5399,28
5382,5400,31
5383,5401,31
5384,5402,31
5385,5403,18
5386,5404,27
5387,5405,27
5388,5406,19
5389,5407,22
5390,5408,33
5391,5409,25
5392,5410,17
5393,5411,16
5394,5412,40
5395,5413,31
5396,5414,17
5397,5415,27
5398,5416,12
5399,5417,15
5400,5418,15
5401,5419,26
5402,5420,18
5403,5421,9
5404,5422,28
5405,5423,24
5406,5424,18
5407,5425,12
5408,5426,12
5409,5427,9
5410,5428,20
5411,5429,19
5412,5430,27
5413,5431,15
5414,5432,14
5415,5433,14
5416,5434,13
5417,5435,21
5418,5436,23
5419,5437,21
5420,5438,21
5421,5439,21
5422,5440,21
5423,5441,21
5424,5442,21
5425,5443,21
5426,5444,21
5427,5445,21
5428,5446,21
5429,5447,21
5430,5448,21
5431,5449,21
5432,5450,21
5433,5451,21
5434,5452,34
5435,5453,39
5436,5454,20
5437,5455,16
5438,5456,20
5439,5457,20
5440,5458,20
5441,5459,9
5442,5460,20
5443,5461,11
5444,5462,23
5445,5463,35
5446,5464,14
5447,5465,27
5448,5466,30
5449,5467,20
5450,5468,16
5451,5469,14
5452,5470,19
5453,5471,14
5454,5472,20
5455,5473,27
5456,5474,17
5457,5475,14
5458,5476,16
5459,5477,18
5460,5478,20
5461,5479,12
5462,5480,28
5463,5481,41
5464,5482,20
5465,5483,20
5466,5484,20
5467,5485,20
5468,5486,20
5469,5487,20
5470,5488,20
5471,5489,20
5472,5490,20
5473,5491,20
5474,5492,20
5475,5493,20
5476,5494,20
5477,5495,20
5478,5496,16
5479,5497,16
5480,5498,16
5481,5499,18
5482,5500,16
5483,5501,33
5484,5502,28
5485,5503,29
5486,5504,16
5487,5505,19
5488,5506,14
5489,5507,31
5490,5508,32
5491,5509,32
5492,5510,32
5493,5511,32
5494,5512,32
5495,5513,15
5496,5514,14
5497,5515,14
5498,5516,14
