,Index1,Metro_Num
0,0,1
1,1,1
2,2,2
3,3,2
4,9,1
5,14,2
6,15,2
7,16,1
8,17,2
9,18,3
10,19,3
11,20,1
12,23,1
13,24,2
14,25,1
15,26,1
16,27,1
17,35,3
18,36,2
19,39,2
20,40,1
21,41,1
22,42,2
23,43,2
24,44,1
25,45,3
26,46,1
27,47,3
28,48,1
29,50,3
30,51,2
31,52,2
32,53,1
33,55,1
34,56,2
35,57,1
36,60,2
37,61,1
38,62,1
39,64,2
40,65,2
41,66,2
42,67,2
43,69,2
44,70,2
45,71,1
46,72,5
47,73,4
48,74,1
49,75,2
50,76,1
51,78,1
52,79,1
53,81,1
54,82,1
55,83,3
56,84,1
57,85,1
58,86,1
59,87,4
60,89,3
61,91,2
62,92,2
63,93,1
64,94,3
65,95,2
66,96,2
67,97,1
68,99,2
69,100,1
70,101,2
71,102,2
72,104,2
73,105,1
74,106,3
75,108,2
76,109,1
77,110,1
78,111,1
79,112,1
80,113,3
81,114,3
82,116,2
83,120,6
84,122,6
85,123,2
86,124,1
87,125,2
88,126,3
89,127,4
90,128,2
91,130,4
92,131,1
93,133,1
94,134,3
95,135,1
96,136,1
97,137,3
98,138,3
99,140,1
100,141,2
101,142,1
102,143,4
103,144,3
104,145,1
105,146,6
106,147,1
107,148,2
108,149,2
109,150,2
110,151,3
111,153,1
112,154,1
113,155,2
114,156,2
115,157,1
116,158,1
117,160,1
118,161,2
119,162,1
120,164,4
121,165,1
122,166,2
123,167,1
124,168,1
125,169,2
126,170,1
127,171,6
128,172,2
129,173,1
130,176,1
131,177,2
132,178,1
133,179,4
134,180,1
135,181,1
136,182,1
137,183,2
138,184,1
139,186,1
140,187,1
141,188,1
142,189,1
143,192,2
144,193,1
145,194,1
146,195,1
147,196,1
148,197,1
149,198,1
150,200,1
151,201,1
152,202,5
153,204,1
154,206,1
155,208,1
156,214,1
157,215,1
158,216,6
159,217,5
160,218,1
161,219,2
162,220,3
163,221,2
164,222,1
165,223,2
166,225,1
167,226,1
168,227,1
169,228,2
170,230,4
171,231,6
172,236,2
173,237,1
174,238,1
175,241,3
176,242,3
177,243,2
178,244,1
179,245,2
180,246,3
181,247,4
182,248,2
183,249,2
184,250,3
185,251,1
186,252,3
187,253,2
188,255,2
189,257,3
190,258,1
191,259,2
192,260,2
193,261,2
194,262,6
195,263,1
196,265,1
197,267,1
198,268,3
199,270,3
200,271,1
201,272,2
202,273,1
203,275,2
204,276,3
205,277,1
206,278,1
207,280,1
208,281,1
209,282,1
210,285,2
211,288,1
212,289,1
213,290,2
214,291,3
215,293,1
216,294,1
217,295,2
218,296,3
219,297,3
220,298,3
221,299,2
222,300,3
223,301,2
224,302,1
225,303,3
226,304,2
227,305,2
228,306,2
229,308,2
230,309,1
231,310,2
232,312,2
233,313,1
234,314,1
235,315,2
236,318,2
237,319,3
238,322,2
239,323,2
240,325,2
241,326,2
242,327,2
243,328,2
244,329,1
245,330,3
246,331,2
247,334,1
248,335,1
249,336,2
250,337,1
251,338,3
252,340,1
253,341,2
254,342,1
255,343,2
256,344,1
257,345,2
258,347,6
259,348,6
260,349,1
261,350,1
262,352,3
263,353,1
264,354,2
265,355,1
266,356,1
267,357,2
268,359,1
269,360,1
270,363,2
271,364,3
272,366,1
273,367,1
274,369,6
275,371,2
276,373,2
277,374,2
278,375,6
279,376,2
280,377,3
281,378,1
282,380,3
283,381,1
284,383,2
285,385,1
286,386,2
287,388,2
288,390,2
289,391,1
290,392,1
291,393,1
292,394,1
293,395,3
294,396,1
295,397,1
296,398,1
297,399,4
298,401,1
299,402,1
300,403,2
301,404,2
302,405,2
303,406,1
304,408,1
305,410,2
306,411,1
307,412,1
308,413,1
309,414,4
310,415,1
311,423,3
312,424,3
313,427,2
314,428,3
315,429,2
316,430,1
317,431,2
318,433,4
319,434,1
320,436,2
321,438,1
322,439,1
323,440,1
324,442,2
325,443,2
326,444,1
327,447,1
328,448,1
329,449,2
330,450,2
331,451,1
332,452,2
333,453,2
334,455,2
335,458,3
336,459,1
337,460,2
338,461,1
339,462,1
340,463,2
341,464,2
342,465,2
343,466,1
344,467,1
345,469,4
346,470,2
347,471,2
348,472,2
349,473,1
350,475,3
351,477,1
352,478,1
353,479,1
354,480,1
355,481,1
356,483,2
357,485,1
358,488,3
359,489,2
360,490,1
361,492,3
362,493,1
363,494,1
364,495,1
365,496,1
366,498,1
367,500,2
368,501,3
369,504,1
370,508,3
371,509,2
372,510,2
373,512,1
374,513,2
375,514,1
376,515,1
377,517,1
378,518,2
379,520,3
380,521,2
381,524,1
382,525,1
383,526,1
384,527,1
385,528,1
386,529,2
387,530,3
388,532,1
389,533,1
390,536,3
391,538,3
392,539,4
393,540,2
394,541,2
395,542,4
396,545,3
397,546,2
398,547,3
399,548,6
400,549,1
401,551,2
402,552,1
403,553,4
404,554,2
405,555,1
406,556,1
407,557,2
408,558,2
409,559,2
410,560,1
411,561,3
412,563,3
413,564,1
414,565,3
415,566,3
416,567,1
417,568,1
418,569,1
419,571,2
420,575,2
421,576,1
422,577,1
423,578,3
424,580,2
425,581,1
426,583,4
427,584,1
428,585,1
429,586,1
430,587,1
431,589,3
432,592,6
433,593,2
434,594,2
435,596,2
436,597,2
437,598,2
438,599,3
439,600,1
440,601,3
441,602,3
442,604,1
443,606,1
444,607,3
445,608,1
446,609,2
447,610,1
448,612,2
449,614,2
450,616,4
451,617,1
452,618,2
453,619,3
454,620,2
455,621,1
456,622,3
457,624,2
458,625,1
459,628,4
460,629,1
461,630,2
462,631,3
463,632,1
464,634,1
465,635,1
466,636,2
467,638,2
468,640,1
469,641,1
470,642,1
471,643,2
472,644,1
473,645,1
474,646,2
475,647,2
476,648,1
477,650,2
478,651,1
479,652,1
480,653,1
481,654,1
482,655,2
483,656,4
484,658,1
485,659,1
486,660,1
487,661,4
488,664,2
489,665,6
490,666,6
491,667,6
492,668,6
493,669,2
494,673,2
495,674,3
496,675,2
497,677,2
498,679,3
499,680,3
500,681,3
501,682,1
502,683,2
503,684,4
504,687,1
505,689,2
506,690,1
507,691,2
508,692,2
509,693,1
510,694,1
511,695,1
512,696,1
513,697,1
514,698,1
515,699,1
516,700,4
517,701,1
518,703,1
519,704,1
520,705,2
521,707,2
522,709,1
523,710,1
524,712,3
525,714,2
526,716,2
527,717,2
528,718,2
529,720,1
530,721,1
531,724,1
532,725,2
533,727,1
534,728,1
535,729,5
536,730,2
537,731,2
538,732,1
539,733,2
540,734,4
541,738,1
542,741,2
543,742,1
544,743,4
545,745,3
546,746,3
547,747,1
548,749,6
549,752,3
550,754,3
551,755,2
552,756,2
553,757,2
554,758,2
555,759,1
556,760,1
557,761,4
558,762,1
559,764,1
560,765,3
561,766,2
562,767,1
563,768,2
564,769,4
565,770,2
566,772,2
567,773,3
568,774,1
569,777,2
570,779,1
571,781,1
572,783,1
573,785,2
574,786,1
575,787,2
576,789,6
577,790,1
578,791,3
579,792,1
580,793,1
581,794,1
582,795,2
583,796,5
584,799,1
585,800,2
586,801,2
587,802,2
588,803,1
589,805,2
590,806,1
591,807,3
592,808,1
593,809,2
594,813,1
595,814,2
596,817,1
597,818,1
598,820,3
599,822,4
600,823,3
601,826,3
602,827,1
603,828,1
604,829,3
605,830,2
606,831,4
607,833,1
608,837,1
609,838,1
610,839,1
611,840,1
612,841,1
613,842,1
614,843,2
615,847,1
616,850,1
617,851,1
618,852,2
619,853,1
620,854,1
621,856,1
622,857,1
623,858,1
624,859,3
625,860,3
626,861,3
627,862,2
628,864,2
629,865,1
630,866,1
631,867,1
632,868,1
633,869,1
634,872,2
635,873,3
636,875,1
637,876,4
638,877,3
639,878,2
640,879,2
641,880,1
642,881,2
643,882,1
644,883,2
645,884,1
646,885,2
647,886,2
648,887,4
649,888,1
650,890,1
651,891,3
652,892,1
653,893,1
654,894,1
655,895,1
656,897,2
657,898,1
658,899,2
659,900,3
660,901,2
661,902,1
662,904,2
663,906,2
664,907,2
665,908,2
666,910,1
667,911,1
668,912,1
669,913,1
670,914,2
671,915,1
672,918,1
673,919,2
674,920,2
675,921,3
676,922,1
677,923,1
678,924,2
679,925,3
680,926,1
681,927,2
682,928,1
683,929,3
684,930,1
685,931,2
686,933,1
687,934,2
688,936,1
689,937,4
690,938,1
691,939,2
692,940,1
693,941,1
694,942,1
695,943,1
696,944,1
697,945,2
698,946,2
699,947,2
700,948,2
701,949,1
702,950,5
703,951,1
704,952,2
705,953,2
706,954,2
707,955,1
708,956,1
709,957,2
710,958,1
711,960,2
712,964,2
713,965,2
714,966,2
715,967,1
716,968,1
717,971,2
718,973,2
719,974,1
720,975,2
721,976,2
722,979,5
723,980,1
724,982,2
725,983,2
726,984,3
727,985,3
728,986,1
729,987,2
730,989,1
731,990,2
732,992,2
733,993,5
734,994,1
735,996,3
736,998,1
737,999,1
738,1000,1
739,1001,2
740,1002,2
741,1003,1
742,1004,3
743,1005,2
744,1006,3
745,1008,2
746,1010,1
747,1012,1
748,1013,2
749,1014,1
750,1016,2
751,1017,2
752,1018,2
753,1019,1
754,1021,4
755,1025,2
756,1026,3
757,1027,1
758,1028,3
759,1029,2
760,1031,1
761,1033,2
762,1034,1
763,1036,2
764,1037,2
765,1038,1
766,1039,1
767,1040,3
768,1041,1
769,1042,2
770,1043,1
771,1044,2
772,1045,1
773,1046,2
774,1047,6
775,1048,6
776,1049,4
777,1050,2
778,1051,2
779,1052,2
780,1054,1
781,1055,1
782,1056,2
783,1057,1
784,1058,2
785,1059,2
786,1060,1
787,1061,3
788,1062,1
789,1063,2
790,1064,2
791,1065,1
792,1066,2
793,1067,2
794,1069,3
795,1070,1
796,1071,1
797,1073,3
798,1074,2
799,1075,1
800,1076,1
801,1077,3
802,1078,1
803,1079,1
804,1080,2
805,1081,1
806,1082,4
807,1083,1
808,1084,1
809,1085,1
810,1086,2
811,1087,1
812,1090,2
813,1091,1
814,1092,2
815,1093,1
816,1094,3
817,1097,2
818,1099,6
819,1102,1
820,1103,3
821,1106,1
822,1108,2
823,1109,1
824,1110,1
825,1111,1
826,1115,1
827,1116,4
828,1117,1
829,1122,1
830,1124,2
831,1125,1
832,1126,6
833,1127,6
834,1128,6
835,1129,1
836,1130,4
837,1132,1
838,1133,4
839,1134,1
840,1137,1
841,1141,1
842,1143,1
843,1144,3
844,1145,2
845,1146,3
846,1147,1
847,1148,1
848,1150,2
849,1151,6
850,1152,1
851,1153,6
852,1154,1
853,1155,1
854,1156,1
855,1157,3
856,1158,2
857,1159,2
858,1160,3
859,1164,1
860,1165,1
861,1166,2
862,1167,1
863,1168,1
864,1169,2
865,1173,1
866,1175,3
867,1176,1
868,1177,2
869,1178,2
870,1179,1
871,1180,1
872,1181,1
873,1183,2
874,1184,2
875,1186,2
876,1187,2
877,1188,2
878,1189,1
879,1192,1
880,1193,1
881,1194,1
882,1195,1
883,1196,1
884,1198,1
885,1199,2
886,1200,1
887,1202,3
888,1209,1
889,1210,2
890,1212,1
891,1218,1
892,1220,1
893,1221,2
894,1222,2
895,1223,4
896,1224,1
897,1227,1
898,1228,3
899,1229,3
900,1230,3
901,1233,1
902,1235,1
903,1236,1
904,1237,3
905,1238,4
906,1239,1
907,1242,1
908,1243,1
909,1244,1
910,1246,1
911,1247,1
912,1248,2
913,1250,3
914,1251,2
915,1252,1
916,1253,1
917,1254,1
918,1255,1
919,1257,1
920,1258,1
921,1259,2
922,1263,1
923,1265,1
924,1266,1
925,1268,2
926,1269,4
927,1274,3
928,1275,1
929,1276,1
930,1277,1
931,1278,1
932,1282,1
933,1283,2
934,1286,2
935,1287,6
936,1288,2
937,1289,1
938,1291,3
939,1292,2
940,1293,1
941,1294,1
942,1297,2
943,1300,2
944,1301,2
945,1304,1
946,1305,1
947,1308,1
948,1309,2
949,1311,1
950,1314,1
951,1317,2
952,1319,1
953,1321,1
954,1322,1
955,1323,1
956,1326,3
957,1327,2
958,1328,2
959,1330,1
960,1331,1
961,1332,2
962,1333,1
963,1334,2
964,1335,1
965,1337,4
966,1338,1
967,1340,1
968,1341,2
969,1342,2
970,1343,2
971,1345,2
972,1348,1
973,1349,1
974,1350,2
975,1351,1
976,1352,2
977,1353,4
978,1354,1
979,1355,1
980,1359,1
981,1362,6
982,1365,3
983,1369,1
984,1370,2
985,1371,1
986,1373,2
987,1374,2
988,1375,2
989,1376,1
990,1377,1
991,1378,3
992,1381,1
993,1382,2
994,1383,1
995,1386,2
996,1387,1
997,1390,2
998,1391,6
999,1392,3
1000,1395,1
1001,1397,2
1002,1399,1
1003,1400,2
1004,1402,1
1005,1403,1
1006,1404,1
1007,1405,1
1008,1406,1
1009,1407,1
1010,1408,3
1011,1409,1
1012,1410,1
1013,1411,1
1014,1412,4
1015,1415,2
1016,1416,2
1017,1419,1
1018,1420,3
1019,1421,1
1020,1422,1
1021,1423,2
1022,1426,2
1023,1427,2
1024,1428,1
1025,1429,1
1026,1430,1
1027,1431,3
1028,1434,2
1029,1435,1
1030,1436,3
1031,1437,2
1032,1438,1
1033,1439,2
1034,1440,2
1035,1443,1
1036,1445,2
1037,1446,3
1038,1448,1
1039,1450,1
1040,1451,2
1041,1452,2
1042,1453,1
1043,1454,1
1044,1455,1
1045,1457,3
1046,1459,3
1047,1460,3
1048,1461,3
1049,1462,2
1050,1464,1
1051,1465,1
1052,1467,3
1053,1468,2
1054,1469,1
1055,1470,1
1056,1471,2
1057,1472,1
1058,1475,3
1059,1477,2
1060,1479,2
1061,1480,1
1062,1482,2
1063,1483,1
1064,1484,2
1065,1485,1
1066,1486,1
1067,1487,2
1068,1488,3
1069,1491,1
1070,1492,2
1071,1493,1
1072,1494,4
1073,1495,1
1074,1497,1
1075,1498,1
1076,1499,1
1077,1500,2
1078,1501,3
1079,1504,2
1080,1506,2
1081,1507,1
1082,1508,2
1083,1509,2
1084,1510,3
1085,1511,2
1086,1514,1
1087,1516,1
1088,1517,2
1089,1518,1
1090,1519,1
1091,1520,3
1092,1521,1
1093,1524,2
1094,1526,1
1095,1527,1
1096,1528,2
1097,1529,2
1098,1530,1
1099,1531,1
1100,1532,3
1101,1533,3
1102,1536,1
1103,1537,2
1104,1538,2
1105,1539,1
1106,1542,2
1107,1543,3
1108,1544,1
1109,1545,1
1110,1546,3
1111,1547,4
1112,1548,1
1113,1549,2
1114,1550,1
1115,1551,1
1116,1552,3
1117,1553,1
1118,1554,1
1119,1555,2
1120,1557,2
1121,1559,3
1122,1560,1
1123,1562,3
1124,1563,3
1125,1567,3
1126,1568,2
1127,1572,1
1128,1573,2
1129,1576,3
1130,1577,1
1131,1578,2
1132,1579,1
1133,1580,1
1134,1581,3
1135,1582,2
1136,1584,1
1137,1585,1
1138,1586,2
1139,1587,3
1140,1588,2
1141,1589,1
1142,1590,2
1143,1591,2
1144,1592,2
1145,1593,1
1146,1595,6
1147,1596,2
1148,1597,3
1149,1598,2
1150,1599,3
1151,1601,2
1152,1602,2
1153,1603,2
1154,1604,1
1155,1605,1
1156,1607,1
1157,1609,1
1158,1610,1
1159,1611,2
1160,1612,1
1161,1613,3
1162,1614,2
1163,1615,3
1164,1616,2
1165,1618,2
1166,1619,5
1167,1620,5
1168,1621,2
1169,1622,1
1170,1623,1
1171,1624,3
1172,1626,1
1173,1627,2
1174,1630,4
1175,1631,3
1176,1632,1
1177,1634,5
1178,1635,1
1179,1638,1
1180,1639,3
1181,1640,1
1182,1641,1
1183,1642,1
1184,1643,3
1185,1644,2
1186,1646,4
1187,1647,2
1188,1648,1
1189,1650,3
1190,1651,2
1191,1652,1
1192,1653,3
1193,1655,6
1194,1657,1
1195,1658,1
1196,1659,1
1197,1660,1
1198,1661,1
1199,1662,5
1200,1665,2
1201,1666,3
1202,1667,1
1203,1668,4
1204,1672,1
1205,1673,1
1206,1675,2
1207,1676,4
1208,1677,1
1209,1678,1
1210,1679,1
1211,1684,1
1212,1687,5
1213,1688,1
1214,1689,2
1215,1692,1
1216,1694,4
1217,1696,1
1218,1698,2
1219,1699,1
1220,1700,2
1221,1701,3
1222,1702,2
1223,1705,1
1224,1706,1
1225,1707,1
1226,1708,5
1227,1710,1
1228,1711,1
1229,1712,4
1230,1713,2
1231,1714,2
1232,1716,3
1233,1717,1
1234,1718,1
1235,1719,1
1236,1721,1
1237,1722,2
1238,1723,1
1239,1724,1
1240,1725,1
1241,1726,1
1242,1727,4
1243,1728,4
1244,1729,1
1245,1730,1
1246,1731,1
1247,1732,2
1248,1733,1
1249,1734,2
1250,1735,2
1251,1736,1
1252,1743,2
1253,1744,2
1254,1745,3
1255,1746,3
1256,1747,1
1257,1748,1
1258,1749,1
1259,1751,1
1260,1752,3
1261,1753,1
1262,1756,1
1263,1758,3
1264,1759,1
1265,1760,3
1266,1761,1
1267,1762,1
1268,1763,1
1269,1765,1
1270,1766,1
1271,1767,1
1272,1768,4
1273,1769,3
1274,1770,2
1275,1771,1
1276,1775,1
1277,1776,3
1278,1778,1
1279,1780,5
1280,1782,1
1281,1783,1
1282,1784,3
1283,1785,3
1284,1786,2
1285,1789,1
1286,1790,2
1287,1791,2
1288,1792,2
1289,1793,2
1290,1794,2
1291,1795,2
1292,1796,2
1293,1797,2
1294,1798,2
1295,1799,1
1296,1800,2
1297,1804,1
1298,1805,1
1299,1806,2
1300,1807,2
1301,1809,1
1302,1810,1
1303,1812,1
1304,1813,1
1305,1815,1
1306,1816,1
1307,1819,4
1308,1821,3
1309,1823,6
1310,1824,2
1311,1825,4
1312,1826,1
1313,1827,6
1314,1828,2
1315,1829,2
1316,1831,2
1317,1832,2
1318,1834,3
1319,1837,2
1320,1838,2
1321,1839,2
1322,1840,2
1323,1842,1
1324,1843,1
1325,1844,2
1326,1845,5
1327,1846,1
1328,1847,1
1329,1848,1
1330,1850,1
1331,1852,3
1332,1853,1
1333,1854,2
1334,1855,2
1335,1856,1
1336,1858,2
1337,1861,2
1338,1866,2
1339,1867,1
1340,1868,1
1341,1869,2
1342,1870,2
1343,1872,1
1344,1873,1
1345,1876,1
1346,1877,2
1347,1878,2
1348,1880,3
1349,1881,4
1350,1884,1
1351,1885,4
1352,1887,2
1353,1889,2
1354,1890,2
1355,1891,3
1356,1892,2
1357,1893,3
1358,1894,1
1359,1895,2
1360,1897,2
1361,1900,1
1362,1901,6
1363,1902,1
1364,1903,1
1365,1904,1
1366,1906,2
1367,1909,6
1368,1911,1
1369,1912,1
1370,1913,1
1371,1914,1
1372,1915,1
1373,1916,1
1374,1917,1
1375,1919,1
1376,1920,1
1377,1923,1
1378,1924,1
1379,1926,2
1380,1928,1
1381,1929,2
1382,1930,2
1383,1931,1
1384,1932,2
1385,1933,2
1386,1935,2
1387,1936,2
1388,1937,3
1389,1939,2
1390,1940,1
1391,1941,2
1392,1942,2
1393,1945,2
1394,1946,3
1395,1947,1
1396,1948,1
1397,1950,2
1398,1951,1
1399,1952,2
1400,1953,3
1401,1954,6
1402,1955,1
1403,1956,6
1404,1957,1
1405,1958,2
1406,1960,2
1407,1965,1
1408,1966,1
1409,1967,1
1410,1968,1
1411,1969,1
1412,1970,1
1413,1974,1
1414,1975,2
1415,1977,4
1416,1978,2
1417,1979,2
1418,1980,1
1419,1981,2
1420,1982,1
1421,1983,1
1422,1984,3
1423,1985,2
1424,1988,4
1425,1989,1
1426,1991,4
1427,1992,1
1428,1993,4
1429,1994,1
1430,1995,3
1431,1996,4
1432,1997,1
1433,1998,4
1434,1999,2
1435,2002,1
1436,2003,6
1437,2004,2
1438,2005,1
1439,2006,2
1440,2007,2
1441,2008,2
1442,2009,1
1443,2011,1
1444,2013,1
1445,2014,1
1446,2015,2
1447,2016,2
1448,2017,6
1449,2018,6
1450,2019,2
1451,2020,1
1452,2021,1
1453,2022,2
1454,2023,1
1455,2025,7
1456,2026,5
1457,2027,5
1458,2028,1
1459,2029,1
1460,2030,2
1461,2031,5
1462,2032,2
1463,2033,2
1464,2035,2
1465,2037,2
1466,2038,1
1467,2039,1
1468,2040,2
1469,2041,5
1470,2042,2
1471,2043,1
1472,2044,1
1473,2045,1
1474,2046,1
1475,2048,6
1476,2049,2
1477,2050,1
1478,2051,1
1479,2052,1
1480,2054,1
1481,2055,1
1482,2057,1
1483,2059,1
1484,2060,1
1485,2061,4
1486,2062,2
1487,2063,3
1488,2064,3
1489,2065,4
1490,2066,2
1491,2067,1
1492,2068,3
1493,2069,1
1494,2070,2
1495,2072,1
1496,2073,7
1497,2074,3
1498,2075,1
1499,2076,3
1500,2078,3
1501,2081,1
1502,2083,1
1503,2086,1
1504,2087,1
1505,2088,1
1506,2089,2
1507,2090,2
1508,2093,4
1509,2095,1
1510,2096,1
1511,2097,1
1512,2098,3
1513,2099,1
1514,2100,2
1515,2101,3
1516,2102,5
1517,2103,4
1518,2105,2
1519,2106,2
1520,2107,2
1521,2108,2
1522,2110,4
1523,2111,2
1524,2112,2
1525,2114,1
1526,2115,1
1527,2116,2
1528,2117,2
1529,2118,2
1530,2119,2
1531,2120,2
1532,2121,2
1533,2122,2
1534,2123,2
1535,2124,2
1536,2125,2
1537,2126,2
1538,2127,2
1539,2129,2
1540,2130,2
1541,2131,2
1542,2132,1
1543,2133,2
1544,2137,6
1545,2138,1
1546,2139,1
1547,2140,2
1548,2141,3
1549,2142,4
1550,2143,3
1551,2144,1
1552,2146,1
1553,2147,2
1554,2148,2
1555,2150,1
1556,2151,2
1557,2153,2
1558,2154,2
1559,2155,1
1560,2156,1
1561,2157,1
1562,2158,1
1563,2159,1
1564,2160,1
1565,2161,1
1566,2162,1
1567,2163,1
1568,2164,2
1569,2165,1
1570,2166,1
1571,2167,1
1572,2168,1
1573,2169,1
1574,2170,1
1575,2173,4
1576,2174,3
1577,2175,2
1578,2176,2
1579,2177,5
1580,2179,1
1581,2180,2
1582,2181,2
1583,2183,1
1584,2184,2
1585,2185,1
1586,2186,1
1587,2187,1
1588,2188,1
1589,2189,1
1590,2190,3
1591,2191,3
1592,2192,3
1593,2193,3
1594,2196,1
1595,2197,1
1596,2199,1
1597,2200,2
1598,2202,2
1599,2203,1
1600,2204,2
1601,2205,2
1602,2206,1
1603,2207,2
1604,2208,2
1605,2209,2
1606,2210,1
1607,2211,2
1608,2212,2
1609,2213,2
1610,2214,1
1611,2215,2
1612,2217,2
1613,2220,4
1614,2223,4
1615,2224,4
1616,2225,4
1617,2226,1
1618,2227,1
1619,2228,1
1620,2229,2
1621,2230,2
1622,2235,3
1623,2237,3
1624,2238,5
1625,2241,1
1626,2244,2
1627,2246,2
1628,2248,2
1629,2249,2
1630,2250,2
1631,2251,1
1632,2252,2
1633,2253,2
1634,2255,1
1635,2256,2
1636,2258,2
1637,2259,2
1638,2260,2
1639,2263,2
1640,2266,3
1641,2267,5
1642,2268,3
1643,2269,3
1644,2270,3
1645,2271,2
1646,2272,2
1647,2273,2
1648,2274,2
1649,2275,2
1650,2278,1
1651,2279,3
1652,2280,3
1653,2281,2
1654,2283,3
1655,2284,1
1656,2285,3
1657,2286,3
1658,2288,1
1659,2289,3
1660,2290,3
1661,2292,1
1662,2293,2
1663,2294,1
1664,2295,1
1665,2296,4
1666,2297,1
1667,2298,2
1668,2300,1
1669,2301,2
1670,2302,2
1671,2303,3
1672,2304,1
1673,2308,1
1674,2309,3
1675,2310,1
1676,2311,3
1677,2312,2
1678,2313,4
1679,2314,4
1680,2315,4
1681,2316,4
1682,2317,1
1683,2318,1
1684,2319,4
1685,2321,2
1686,2323,2
1687,2324,2
1688,2326,3
1689,2327,2
1690,2328,1
1691,2329,1
1692,2331,1
1693,2333,3
1694,2335,1
1695,2336,1
1696,2339,2
1697,2340,2
1698,2341,1
1699,2342,1
1700,2343,2
1701,2344,6
1702,2345,4
1703,2346,4
1704,2347,5
1705,2348,4
1706,2349,4
1707,2350,4
1708,2351,2
1709,2353,1
1710,2354,2
1711,2355,3
1712,2356,1
1713,2357,2
1714,2358,2
1715,2359,2
1716,2360,2
1717,2361,2
1718,2362,1
1719,2363,2
1720,2364,2
1721,2365,1
1722,2366,1
1723,2367,1
1724,2368,1
1725,2369,1
1726,2370,2
1727,2371,2
1728,2372,2
1729,2373,2
1730,2374,2
1731,2375,2
1732,2376,2
1733,2377,2
1734,2378,1
1735,2380,1
1736,2382,4
1737,2383,2
1738,2384,1
1739,2385,3
1740,2386,2
1741,2387,2
1742,2388,3
1743,2389,1
1744,2390,1
1745,2391,2
1746,2393,1
1747,2394,1
1748,2396,1
1749,2397,1
1750,2398,1
1751,2399,1
1752,2400,2
1753,2401,1
1754,2402,1
1755,2403,1
1756,2404,2
1757,2405,2
1758,2408,2
1759,2409,1
1760,2411,2
1761,2412,1
1762,2413,2
1763,2414,2
1764,2415,1
1765,2416,1
1766,2417,1
1767,2419,3
1768,2420,1
1769,2422,1
1770,2423,1
1771,2424,1
1772,2425,2
1773,2426,2
1774,2427,1
1775,2428,2
1776,2429,1
1777,2432,3
1778,2433,3
1779,2435,4
1780,2436,3
1781,2438,2
1782,2439,3
1783,2442,2
1784,2444,1
1785,2445,1
1786,2446,2
1787,2447,2
1788,2448,1
1789,2450,5
1790,2451,5
1791,2454,1
1792,2456,2
1793,2457,1
1794,2458,1
1795,2459,3
1796,2461,1
1797,2463,3
1798,2464,2
1799,2467,3
1800,2470,1
1801,2471,1
1802,2473,2
1803,2474,2
1804,2475,1
1805,2476,1
1806,2479,1
1807,2480,5
1808,2481,1
1809,2482,1
1810,2487,1
1811,2488,1
1812,2491,2
1813,2492,2
1814,2493,1
1815,2494,4
1816,2495,1
1817,2496,2
1818,2497,3
1819,2498,3
1820,2499,3
1821,2500,2
1822,2502,1
1823,2505,3
1824,2508,2
1825,2509,1
1826,2510,1
1827,2512,1
1828,2513,2
1829,2514,1
1830,2515,1
1831,2516,2
1832,2517,2
1833,2518,2
1834,2519,3
1835,2522,1
1836,2523,1
1837,2524,2
1838,2525,3
1839,2526,1
1840,2527,3
1841,2528,4
1842,2529,2
1843,2530,2
1844,2531,1
1845,2532,3
1846,2533,3
1847,2534,3
1848,2535,2
1849,2536,2
1850,2537,2
1851,2538,2
1852,2539,2
1853,2540,2
1854,2541,2
1855,2542,2
1856,2543,1
1857,2544,1
1858,2545,4
1859,2546,1
1860,2548,2
1861,2549,2
1862,2550,3
1863,2551,1
1864,2552,6
1865,2556,3
1866,2557,3
1867,2558,3
1868,2559,3
1869,2560,3
1870,2561,2
1871,2562,2
1872,2563,1
1873,2564,6
1874,2565,1
1875,2566,3
1876,2567,1
1877,2568,1
1878,2569,1
1879,2570,2
1880,2571,2
1881,2572,4
1882,2573,4
1883,2574,3
1884,2575,1
1885,2576,1
1886,2577,1
1887,2578,1
1888,2579,1
1889,2580,1
1890,2581,1
1891,2582,2
1892,2583,1
1893,2584,1
1894,2585,3
1895,2586,1
1896,2588,3
1897,2589,3
1898,2590,3
1899,2591,1
1900,2592,1
1901,2594,1
1902,2595,3
1903,2596,3
1904,2597,3
1905,2598,3
1906,2599,3
1907,2601,2
1908,2602,3
1909,2604,1
1910,2606,1
1911,2607,1
1912,2608,3
1913,2609,2
1914,2610,1
1915,2611,1
1916,2612,2
1917,2613,1
1918,2614,1
1919,2615,1
1920,2617,2
1921,2618,1
1922,2619,6
1923,2620,3
1924,2621,2
1925,2622,2
1926,2623,2
1927,2624,3
1928,2626,2
1929,2627,2
1930,2628,1
1931,2629,1
1932,2633,2
1933,2634,5
1934,2635,5
1935,2637,1
1936,2638,1
1937,2639,1
1938,2640,1
1939,2641,3
1940,2642,3
1941,2643,2
1942,2645,1
1943,2646,1
1944,2649,1
1945,2650,1
1946,2651,3
1947,2652,3
1948,2654,2
1949,2655,2
1950,2656,1
1951,2657,6
1952,2658,1
1953,2659,1
1954,2661,1
1955,2662,1
1956,2663,4
1957,2664,4
1958,2665,2
1959,2667,1
1960,2668,6
1961,2669,1
1962,2671,2
1963,2672,4
1964,2673,3
1965,2674,4
1966,2675,1
1967,2677,2
1968,2678,2
1969,2679,2
1970,2680,2
1971,2681,2
1972,2682,1
1973,2683,2
1974,2684,2
1975,2685,1
1976,2686,1
1977,2687,1
1978,2688,1
1979,2690,2
1980,2691,1
1981,2692,1
1982,2693,2
1983,2694,5
1984,2695,5
1985,2696,3
1986,2697,3
1987,2698,1
1988,2699,2
1989,2700,1
1990,2701,2
1991,2702,2
1992,2703,1
1993,2704,2
1994,2706,1
1995,2707,1
1996,2708,4
1997,2710,4
1998,2712,1
1999,2713,1
2000,2715,2
2001,2716,1
2002,2717,1
2003,2718,3
2004,2719,2
2005,2720,3
2006,2721,1
2007,2722,4
2008,2723,2
2009,2724,3
2010,2725,1
2011,2726,3
2012,2730,2
2013,2732,3
2014,2736,1
2015,2737,3
2016,2738,1
2017,2740,2
2018,2741,2
2019,2742,2
2020,2743,3
2021,2744,2
2022,2745,1
2023,2746,1
2024,2747,2
2025,2748,2
2026,2750,3
2027,2751,3
2028,2752,3
2029,2753,3
2030,2754,2
2031,2755,1
2032,2756,1
2033,2757,1
2034,2758,1
2035,2759,1
2036,2762,4
2037,2763,1
2038,2764,1
2039,2767,1
2040,2768,2
2041,2769,3
2042,2770,3
2043,2771,1
2044,2774,2
2045,2775,2
2046,2776,2
2047,2777,1
2048,2778,3
2049,2779,2
2050,2783,3
2051,2784,2
2052,2786,1
2053,2787,2
2054,2788,1
2055,2789,4
2056,2791,1
2057,2792,1
2058,2794,3
2059,2797,1
2060,2798,2
2061,2799,1
2062,2800,2
2063,2801,1
2064,2802,2
2065,2803,1
2066,2805,1
2067,2806,1
2068,2807,1
2069,2808,1
2070,2809,1
2071,2810,2
2072,2812,2
2073,2813,1
2074,2814,2
2075,2815,1
2076,2816,1
2077,2817,2
2078,2819,5
2079,2821,1
2080,2822,2
2081,2823,3
2082,2824,2
2083,2825,3
2084,2826,1
2085,2827,2
2086,2828,1
2087,2829,3
2088,2830,2
2089,2831,1
2090,2833,3
2091,2834,4
2092,2835,1
2093,2836,4
2094,2837,2
2095,2840,1
2096,2841,1
2097,2842,2
2098,2843,1
2099,2844,3
2100,2845,2
2101,2846,2
2102,2849,2
2103,2850,3
2104,2851,2
2105,2854,2
2106,2855,1
2107,2856,1
2108,2857,2
2109,2858,1
2110,2861,1
2111,2863,3
2112,2865,1
2113,2868,1
2114,2870,1
2115,2871,3
2116,2872,1
2117,2873,1
2118,2874,1
2119,2876,2
2120,2877,2
2121,2879,2
2122,2880,2
2123,2882,1
2124,2885,3
2125,2887,1
2126,2888,1
2127,2889,2
2128,2890,2
2129,2891,1
2130,2892,1
2131,2899,1
2132,2900,2
2133,2901,2
2134,2902,1
2135,2904,1
2136,2905,2
2137,2906,3
2138,2907,2
2139,2908,1
2140,2909,2
2141,2910,4
2142,2911,2
2143,2912,3
2144,2913,2
2145,2914,2
2146,2915,3
2147,2916,2
2148,2918,2
2149,2919,1
2150,2920,2
2151,2923,2
2152,2924,5
2153,2925,5
2154,2926,5
2155,2927,5
2156,2928,5
2157,2929,5
2158,2930,3
2159,2931,1
2160,2933,2
2161,2934,1
2162,2935,2
2163,2936,2
2164,2937,1
2165,2938,2
2166,2939,2
2167,2940,1
2168,2941,1
2169,2942,4
2170,2943,4
2171,2944,3
2172,2945,3
2173,2946,2
2174,2947,1
2175,2948,1
2176,2949,3
2177,2950,1
2178,2951,1
2179,2953,1
2180,2954,2
2181,2955,2
2182,2956,2
2183,2957,2
2184,2959,1
2185,2960,1
2186,2961,1
2187,2962,2
2188,2964,3
2189,2965,2
2190,2966,1
2191,2967,1
2192,2968,1
2193,2969,2
2194,2970,1
2195,2971,1
2196,2973,2
2197,2974,1
2198,2975,2
2199,2976,1
2200,2977,4
2201,2978,1
2202,2979,1
2203,2983,2
2204,2984,1
2205,2985,2
2206,2986,2
2207,2989,1
2208,2990,2
2209,2991,1
2210,2992,1
2211,2993,2
2212,2994,1
2213,2995,1
2214,2996,2
2215,2997,3
2216,2998,1
2217,2999,2
2218,3000,4
2219,3001,1
2220,3002,1
2221,3003,5
2222,3004,2
2223,3005,2
2224,3006,2
2225,3007,1
2226,3008,2
2227,3009,6
2228,3011,3
2229,3014,2
2230,3015,2
2231,3016,1
2232,3017,2
2233,3018,1
2234,3019,3
2235,3021,2
2236,3022,2
2237,3023,1
2238,3024,1
2239,3026,2
2240,3027,2
2241,3028,3
2242,3029,2
2243,3030,2
2244,3031,2
2245,3032,1
2246,3033,4
2247,3034,3
2248,3035,2
2249,3036,4
2250,3037,1
2251,3040,2
2252,3041,2
2253,3042,2
2254,3043,1
2255,3044,2
2256,3045,3
2257,3046,2
2258,3047,1
2259,3048,2
2260,3051,1
2261,3053,1
2262,3054,2
2263,3055,1
2264,3056,1
2265,3057,2
2266,3058,2
2267,3059,1
2268,3060,2
2269,3061,1
2270,3062,1
2271,3063,2
2272,3064,2
2273,3065,2
2274,3066,2
2275,3067,1
2276,3068,1
2277,3069,2
2278,3070,4
2279,3071,4
2280,3072,4
2281,3073,1
2282,3075,4
2283,3076,1
2284,3077,4
2285,3078,3
2286,3079,2
2287,3080,2
2288,3081,3
2289,3082,3
2290,3083,2
2291,3084,3
2292,3085,2
2293,3086,2
2294,3087,1
2295,3089,3
2296,3091,1
2297,3092,2
2298,3095,1
2299,3097,3
2300,3098,2
2301,3100,1
2302,3102,1
2303,3103,2
2304,3104,3
2305,3106,1
2306,3107,3
2307,3108,1
2308,3109,2
2309,3110,1
2310,3111,3
2311,3112,2
2312,3113,2
2313,3114,4
2314,3115,2
2315,3116,1
2316,3117,2
2317,3118,2
2318,3121,1
2319,3122,1
2320,3123,1
2321,3124,1
2322,3125,1
2323,3126,1
2324,3127,1
2325,3128,4
2326,3129,1
2327,3131,2
2328,3132,5
2329,3133,5
2330,3134,5
2331,3135,1
2332,3137,1
2333,3139,2
2334,3140,2
2335,3141,2
2336,3144,2
2337,3145,1
2338,3147,1
2339,3148,1
2340,3149,4
2341,3150,2
2342,3152,1
2343,3155,2
2344,3157,1
2345,3160,2
2346,3161,2
2347,3164,1
2348,3167,1
2349,3168,1
2350,3170,2
2351,3172,1
2352,3173,2
2353,3174,6
2354,3175,2
2355,3176,2
2356,3178,2
2357,3181,1
2358,3182,6
2359,3183,6
2360,3184,6
2361,3185,3
2362,3186,6
2363,3188,2
2364,3189,1
2365,3190,1
2366,3191,1
2367,3192,2
2368,3193,1
2369,3194,1
2370,3195,1
2371,3198,2
2372,3199,2
2373,3200,2
2374,3202,3
2375,3203,1
2376,3204,1
2377,3205,4
2378,3207,1
2379,3208,2
2380,3209,3
2381,3210,1
2382,3211,1
2383,3212,3
2384,3213,1
2385,3216,2
2386,3217,1
2387,3218,1
2388,3219,2
2389,3220,1
2390,3221,2
2391,3222,1
2392,3224,1
2393,3225,2
2394,3226,1
2395,3228,3
2396,3232,1
2397,3233,1
2398,3234,2
2399,3235,2
2400,3236,2
2401,3237,1
2402,3238,2
2403,3239,2
2404,3241,1
2405,3242,1
2406,3243,3
2407,3244,4
2408,3245,2
2409,3246,2
2410,3248,1
2411,3249,2
2412,3250,2
2413,3251,1
2414,3253,3
2415,3254,2
2416,3255,1
2417,3256,2
2418,3257,1
2419,3259,3
2420,3260,1
2421,3262,1
2422,3263,1
2423,3264,1
2424,3265,2
2425,3268,1
2426,3269,1
2427,3270,1
2428,3271,1
2429,3272,2
2430,3274,1
2431,3275,1
2432,3276,1
2433,3278,2
2434,3279,4
2435,3283,4
2436,3284,4
2437,3285,4
2438,3286,2
2439,3289,5
2440,3290,1
2441,3294,1
2442,3295,2
2443,3296,1
2444,3297,2
2445,3298,2
2446,3300,2
2447,3302,1
2448,3303,1
2449,3304,1
2450,3305,1
2451,3306,3
2452,3307,4
2453,3308,1
2454,3310,1
2455,3311,3
2456,3312,1
2457,3314,1
2458,3315,1
2459,3316,1
2460,3317,1
2461,3318,1
2462,3319,1
2463,3320,1
2464,3321,3
2465,3322,2
2466,3323,1
2467,3324,2
2468,3325,2
2469,3326,1
2470,3329,1
2471,3330,1
2472,3334,1
2473,3335,3
2474,3336,1
2475,3337,3
2476,3338,3
2477,3339,3
2478,3340,5
2479,3341,2
2480,3342,2
2481,3344,1
2482,3347,1
2483,3348,4
2484,3349,1
2485,3351,1
2486,3352,1
2487,3353,5
2488,3355,4
2489,3356,1
2490,3357,2
2491,3359,1
2492,3362,1
2493,3364,2
2494,3365,1
2495,3366,2
2496,3367,4
2497,3368,1
2498,3369,1
2499,3370,2
2500,3371,1
2501,3372,1
2502,3373,2
2503,3374,2
2504,3375,3
2505,3376,2
2506,3378,1
2507,3379,5
2508,3380,1
2509,3381,2
2510,3382,1
2511,3383,1
2512,3384,1
2513,3385,1
2514,3387,3
2515,3388,1
2516,3389,5
2517,3390,1
2518,3391,1
2519,3392,2
2520,3394,1
2521,3396,2
2522,3397,2
2523,3398,1
2524,3400,1
2525,3401,1
2526,3402,1
2527,3403,4
2528,3405,1
2529,3407,4
2530,3408,1
2531,3410,5
2532,3411,2
2533,3412,2
2534,3414,2
2535,3415,2
2536,3416,2
2537,3417,2
2538,3418,2
2539,3419,2
2540,3420,4
2541,3421,2
2542,3422,1
2543,3423,1
2544,3424,2
2545,3425,1
2546,3427,1
2547,3431,2
2548,3432,2
2549,3433,2
2550,3435,2
2551,3436,1
2552,3437,2
2553,3438,1
2554,3439,1
2555,3440,1
2556,3441,2
2557,3446,1
2558,3447,1
2559,3448,1
2560,3449,1
2561,3450,2
2562,3451,2
2563,3452,2
2564,3453,2
2565,3454,1
2566,3455,1
2567,3456,1
2568,3457,2
2569,3458,2
2570,3459,2
2571,3460,2
2572,3461,2
2573,3464,2
2574,3465,1
2575,3466,2
2576,3467,1
2577,3468,2
2578,3469,3
2579,3470,1
2580,3471,1
2581,3473,1
2582,3474,4
2583,3475,3
2584,3476,5
2585,3477,4
2586,3478,2
2587,3479,2
2588,3480,1
2589,3481,4
2590,3482,1
2591,3483,1
2592,3484,1
2593,3485,5
2594,3486,2
2595,3487,3
2596,3488,2
2597,3489,1
2598,3491,1
2599,3494,1
2600,3497,2
2601,3498,2
2602,3499,1
2603,3500,1
2604,3502,2
2605,3503,1
2606,3505,2
2607,3506,1
2608,3507,2
2609,3508,1
2610,3509,2
2611,3510,2
2612,3511,1
2613,3512,1
2614,3515,2
2615,3516,4
2616,3517,1
2617,3518,5
2618,3519,1
2619,3520,1
2620,3521,1
2621,3523,1
2622,3524,1
2623,3525,2
2624,3526,2
2625,3527,1
2626,3528,1
2627,3529,1
2628,3530,1
2629,3531,1
2630,3532,2
2631,3533,2
2632,3534,2
2633,3535,2
2634,3536,2
2635,3538,1
2636,3539,1
2637,3541,2
2638,3542,3
2639,3543,2
2640,3545,2
2641,3546,2
2642,3547,2
2643,3549,2
2644,3552,1
2645,3554,3
2646,3555,2
2647,3556,2
2648,3557,1
2649,3558,1
2650,3559,3
2651,3561,3
2652,3562,1
2653,3564,1
2654,3565,4
2655,3566,2
2656,3568,1
2657,3569,1
2658,3570,1
2659,3571,2
2660,3574,2
2661,3576,1
2662,3578,1
2663,3579,1
2664,3580,2
2665,3581,2
2666,3582,2
2667,3583,2
2668,3584,1
2669,3586,2
2670,3587,5
2671,3588,2
2672,3589,1
2673,3590,1
2674,3593,2
2675,3595,1
2676,3596,3
2677,3597,2
2678,3598,1
2679,3599,3
2680,3600,2
2681,3601,3
2682,3604,1
2683,3605,2
2684,3606,1
2685,3607,1
2686,3613,3
2687,3614,1
2688,3615,3
2689,3616,3
2690,3617,2
2691,3618,3
2692,3619,1
2693,3621,1
2694,3622,1
2695,3624,1
2696,3625,2
2697,3626,1
2698,3627,1
2699,3628,2
2700,3629,1
2701,3630,1
2702,3631,1
2703,3632,1
2704,3633,2
2705,3634,1
2706,3636,2
2707,3638,1
2708,3639,2
2709,3641,3
2710,3643,2
2711,3644,4
2712,3645,1
2713,3649,1
2714,3650,4
2715,3652,1
2716,3654,3
2717,3655,1
2718,3656,1
2719,3658,1
2720,3659,5
2721,3663,3
2722,3666,3
2723,3670,3
2724,3671,2
2725,3674,2
2726,3675,1
2727,3677,2
2728,3679,3
2729,3682,2
2730,3684,1
2731,3686,1
2732,3687,1
2733,3691,1
2734,3694,3
2735,3697,1
2736,3699,1
2737,3700,1
2738,3701,2
2739,3706,3
2740,3708,1
2741,3716,1
2742,3717,1
2743,3718,1
2744,3719,1
2745,3721,2
2746,3722,2
2747,3723,2
2748,3724,1
2749,3725,1
2750,3726,1
2751,3727,1
2752,3728,2
2753,3730,1
2754,3731,1
2755,3732,2
2756,3733,1
2757,3734,2
2758,3735,2
2759,3736,2
2760,3737,3
2761,3738,1
2762,3739,1
2763,3740,1
2764,3741,1
2765,3742,1
2766,3743,1
2767,3744,2
2768,3746,1
2769,3747,2
2770,3751,1
2771,3753,2
2772,3755,2
2773,3757,1
2774,3760,2
2775,3761,3
2776,3763,1
2777,3764,2
2778,3765,1
2779,3766,2
2780,3767,1
2781,3769,2
2782,3770,2
2783,3771,2
2784,3772,2
2785,3773,4
2786,3774,1
2787,3775,1
2788,3776,5
2789,3780,1
2790,3782,1
2791,3783,1
2792,3785,1
2793,3786,3
2794,3787,1
2795,3790,2
2796,3791,2
2797,3793,3
2798,3794,1
2799,3798,1
2800,3801,2
2801,3802,2
2802,3805,1
2803,3807,2
2804,3808,3
2805,3809,2
2806,3810,1
2807,3811,1
2808,3812,1
2809,3813,3
2810,3815,1
2811,3816,1
2812,3818,1
2813,3819,1
2814,3820,1
2815,3821,1
2816,3822,2
2817,3823,1
2818,3824,2
2819,3825,2
2820,3828,1
2821,3829,1
2822,3832,2
2823,3835,2
2824,3836,4
2825,3837,2
2826,3838,1
2827,3839,3
2828,3840,3
2829,3841,4
2830,3842,2
2831,3843,1
2832,3845,2
2833,3847,1
2834,3848,1
2835,3849,1
2836,3851,2
2837,3854,2
2838,3855,1
2839,3857,2
2840,3859,1
2841,3860,1
2842,3861,3
2843,3862,2
2844,3863,2
2845,3864,1
2846,3865,2
2847,3866,3
2848,3869,2
2849,3871,3
2850,3872,1
2851,3874,1
2852,3875,1
2853,3876,4
2854,3878,3
2855,3882,2
2856,3883,1
2857,3887,2
2858,3888,5
2859,3889,5
2860,3890,3
2861,3891,3
2862,3892,2
2863,3893,1
2864,3894,1
2865,3895,1
2866,3898,2
2867,3899,2
2868,3901,1
2869,3905,1
2870,3907,2
2871,3908,1
2872,3909,1
2873,3912,2
2874,3915,1
2875,3916,1
2876,3917,1
2877,3918,1
2878,3920,1
2879,3922,2
2880,3923,2
2881,3924,1
2882,3927,1
2883,3928,2
2884,3929,1
2885,3930,1
2886,3932,1
2887,3933,1
2888,3934,2
2889,3936,1
2890,3937,2
2891,3938,1
2892,3939,2
2893,3941,3
2894,3942,2
2895,3943,2
2896,3944,2
2897,3945,2
2898,3946,1
2899,3947,1
2900,3948,1
2901,3950,1
2902,3952,1
2903,3954,2
2904,3955,3
2905,3956,2
2906,3957,1
2907,3958,2
2908,3959,2
2909,3960,2
2910,3961,2
2911,3962,2
2912,3965,2
2913,3967,2
2914,3968,2
2915,3969,2
2916,3971,1
2917,3974,2
2918,3975,1
2919,3976,1
2920,3977,1
2921,3978,1
2922,3979,1
2923,3980,1
2924,3981,2
2925,3982,1
2926,3984,1
2927,3985,1
2928,3987,3
2929,3988,3
2930,3989,2
2931,3992,1
2932,3994,2
2933,3995,1
2934,3996,1
2935,3997,2
2936,3998,1
2937,3999,2
2938,4000,1
2939,4001,3
2940,4004,1
2941,4005,1
2942,4006,2
2943,4008,2
2944,4009,1
2945,4010,2
2946,4011,2
2947,4012,1
2948,4013,2
2949,4015,1
2950,4016,2
2951,4017,1
2952,4018,1
2953,4019,1
2954,4020,1
2955,4021,1
2956,4027,1
2957,4028,1
2958,4029,1
2959,4030,1
2960,4031,1
2961,4032,2
2962,4033,3
2963,4034,2
2964,4035,2
2965,4036,2
2966,4038,2
2967,4040,3
2968,4041,3
2969,4043,2
2970,4044,2
2971,4046,1
2972,4047,3
2973,4048,2
2974,4049,2
2975,4050,2
2976,4051,2
2977,4052,2
2978,4053,4
2979,4054,2
2980,4055,2
2981,4056,2
2982,4057,1
2983,4058,3
2984,4059,2
2985,4060,2
2986,4061,2
2987,4062,1
2988,4063,1
2989,4064,2
2990,4065,1
2991,4066,2
2992,4067,2
2993,4068,2
2994,4069,2
2995,4070,2
2996,4071,2
2997,4073,4
2998,4076,1
2999,4077,4
3000,4080,2
3001,4081,2
3002,4082,1
3003,4083,1
3004,4084,1
3005,4085,2
3006,4087,1
3007,4088,1
3008,4090,1
3009,4091,1
3010,4093,1
3011,4094,1
3012,4095,1
3013,4096,1
3014,4097,2
3015,4098,2
3016,4099,1
3017,4100,1
3018,4102,2
3019,4103,1
3020,4104,2
3021,4105,2
3022,4106,2
3023,4109,2
3024,4110,2
3025,4111,2
3026,4113,2
3027,4114,2
3028,4115,1
3029,4116,1
3030,4117,2
3031,4118,2
3032,4119,2
3033,4120,3
3034,4121,1
3035,4124,1
3036,4127,2
3037,4129,1
3038,4130,2
3039,4131,2
3040,4132,2
3041,4133,2
3042,4134,2
3043,4135,2
3044,4136,2
3045,4137,2
3046,4138,3
3047,4139,3
3048,4141,6
3049,4142,2
3050,4143,2
3051,4144,1
3052,4146,3
3053,4147,2
3054,4148,3
3055,4149,3
3056,4150,3
3057,4151,3
3058,4152,2
3059,4153,2
3060,4154,2
3061,4156,2
3062,4157,1
3063,4158,1
3064,4159,1
3065,4160,2
3066,4162,1
3067,4163,3
3068,4164,1
3069,4165,1
3070,4167,1
3071,4168,1
3072,4169,2
3073,4170,2
3074,4171,1
3075,4173,1
3076,4174,2
3077,4177,2
3078,4178,1
3079,4180,1
3080,4182,1
3081,4183,1
3082,4184,3
3083,4185,1
3084,4186,1
3085,4187,2
3086,4188,1
3087,4189,1
3088,4190,3
3089,4193,1
3090,4194,1
3091,4196,1
3092,4197,2
3093,4201,1
3094,4202,2
3095,4203,1
3096,4204,1
3097,4208,1
3098,4210,1
3099,4212,2
3100,4213,2
3101,4215,3
3102,4216,1
3103,4218,1
3104,4219,3
3105,4221,1
3106,4222,1
3107,4224,3
3108,4225,3
3109,4227,1
3110,4228,2
3111,4229,2
3112,4230,2
3113,4231,2
3114,4232,2
3115,4233,2
3116,4234,2
3117,4235,2
3118,4236,2
3119,4237,2
3120,4238,2
3121,4239,2
3122,4240,2
3123,4241,2
3124,4242,2
3125,4243,2
3126,4244,2
3127,4245,2
3128,4246,2
3129,4247,2
3130,4248,2
3131,4249,2
3132,4250,2
3133,4251,2
3134,4252,2
3135,4253,2
3136,4254,2
3137,4255,2
3138,4256,2
3139,4257,2
3140,4258,2
3141,4259,2
3142,4260,2
3143,4261,2
3144,4262,2
3145,4263,2
3146,4264,2
3147,4266,2
3148,4269,2
3149,4270,1
3150,4272,1
3151,4273,1
3152,4275,2
3153,4277,1
3154,4278,2
3155,4280,1
3156,4281,1
3157,4283,3
3158,4284,2
3159,4285,1
3160,4286,2
3161,4287,1
3162,4288,2
3163,4289,2
3164,4292,2
3165,4293,1
3166,4294,2
3167,4296,2
3168,4297,1
3169,4298,4
3170,4299,2
3171,4300,1
3172,4301,1
3173,4303,1
3174,4305,1
3175,4306,1
3176,4307,1
3177,4309,1
3178,4310,1
3179,4311,1
3180,4312,1
3181,4313,1
3182,4317,1
3183,4318,1
3184,4320,2
3185,4321,2
3186,4322,2
3187,4323,2
3188,4324,3
3189,4325,1
3190,4326,1
3191,4327,1
3192,4329,1
3193,4332,1
3194,4335,2
3195,4336,1
3196,4337,1
3197,4339,1
3198,4342,1
3199,4343,2
3200,4347,2
3201,4348,2
3202,4349,2
3203,4350,2
3204,4351,2
3205,4352,2
3206,4353,2
3207,4354,2
3208,4355,2
3209,4356,2
3210,4357,2
3211,4358,1
3212,4359,1
3213,4360,1
3214,4361,1
3215,4362,1
3216,4363,1
3217,4364,1
3218,4365,1
3219,4366,1
3220,4367,1
3221,4368,1
3222,4369,1
3223,4370,1
3224,4371,1
3225,4372,1
3226,4373,1
3227,4374,1
3228,4375,2
3229,4376,1
3230,4377,1
3231,4379,3
3232,4380,3
3233,4381,1
3234,4382,1
3235,4384,1
3236,4385,1
3237,4390,3
3238,4391,3
3239,4392,3
3240,4393,3
3241,4394,3
3242,4395,3
3243,4396,2
3244,4397,1
3245,4398,1
3246,4399,1
3247,4400,1
3248,4401,1
3249,4402,1
3250,4403,1
3251,4404,1
3252,4405,2
3253,4407,2
3254,4410,1
3255,4412,1
3256,4414,3
3257,4415,1
3258,4416,4
3259,4417,1
3260,4418,1
3261,4419,1
3262,4420,1
3263,4421,1
3264,4423,1
3265,4427,2
3266,4428,3
3267,4429,2
3268,4430,1
3269,4431,4
3270,4432,1
3271,4434,1
3272,4435,2
3273,4437,2
3274,4438,2
3275,4439,2
3276,4440,2
3277,4441,3
3278,4442,3
3279,4443,2
3280,4444,2
3281,4445,2
3282,4446,3
3283,4447,2
3284,4448,2
3285,4449,4
3286,4450,3
3287,4451,1
3288,4452,2
3289,4453,1
3290,4454,2
3291,4455,1
3292,4460,1
3293,4461,4
3294,4462,3
3295,4463,2
3296,4464,2
3297,4465,2
3298,4466,2
3299,4467,2
3300,4469,2
3301,4472,1
3302,4474,1
3303,4475,1
3304,4476,1
3305,4478,1
3306,4479,1
3307,4480,3
3308,4482,1
3309,4483,1
3310,4484,1
3311,4485,1
3312,4487,2
3313,4488,5
3314,4489,3
3315,4490,1
3316,4491,1
3317,4492,4
3318,4493,2
3319,4494,2
3320,4496,3
3321,4497,4
3322,4499,2
3323,4500,3
3324,4501,1
3325,4503,1
3326,4509,4
3327,4513,2
3328,4514,1
3329,4515,1
3330,4516,1
3331,4517,1
3332,4518,1
3333,4519,1
3334,4520,1
3335,4524,2
3336,4525,1
3337,4526,1
3338,4527,2
3339,4528,2
3340,4529,1
3341,4530,4
3342,4531,4
3343,4532,7
3344,4534,3
3345,4537,2
3346,4538,2
3347,4540,2
3348,4542,5
3349,4543,1
3350,4544,2
3351,4546,1
3352,4547,3
3353,4548,2
3354,4549,2
3355,4550,1
3356,4551,1
3357,4552,3
3358,4553,2
3359,4554,2
3360,4555,3
3361,4556,3
3362,4557,2
3363,4558,2
3364,4560,2
3365,4562,3
3366,4564,2
3367,4565,2
3368,4566,3
3369,4567,1
3370,4568,1
3371,4569,2
3372,4570,1
3373,4571,1
3374,4574,2
3375,4575,1
3376,4576,1
3377,4577,2
3378,4578,3
3379,4579,2
3380,4580,2
3381,4581,1
3382,4582,3
3383,4583,3
3384,4584,3
3385,4585,3
3386,4586,3
3387,4588,2
3388,4589,1
3389,4590,1
3390,4591,1
3391,4592,3
3392,4594,1
3393,4595,4
3394,4596,4
3395,4597,4
3396,4599,1
3397,4602,2
3398,4604,1
3399,4609,1
3400,4614,2
3401,4615,1
3402,4616,1
3403,4617,1
3404,4618,1
3405,4619,1
3406,4620,2
3407,4622,2
3408,4624,1
3409,4625,1
3410,4626,1
3411,4627,2
3412,4629,3
3413,4630,4
3414,4631,3
3415,4632,2
3416,4633,3
3417,4634,2
3418,4635,2
3419,4636,2
3420,4637,2
3421,4638,2
3422,4640,1
3423,4643,2
3424,4645,2
3425,4647,1
3426,4649,1
3427,4651,2
3428,4653,2
3429,4654,2
3430,4655,2
3431,4656,1
3432,4657,2
3433,4658,2
3434,4661,1
3435,4663,2
3436,4664,1
3437,4666,3
3438,4667,2
3439,4668,2
3440,4670,1
3441,4673,1
3442,4675,1
3443,4677,2
3444,4679,1
3445,4680,2
3446,4681,3
3447,4682,3
3448,4683,3
3449,4684,3
3450,4685,2
3451,4686,1
3452,4687,2
3453,4688,3
3454,4689,3
3455,4690,1
3456,4691,3
3457,4693,2
3458,4696,1
3459,4698,1
3460,4700,1
3461,4702,3
3462,4706,3
3463,4709,3
3464,4710,3
3465,4711,1
3466,4712,4
3467,4713,1
3468,4717,2
3469,4719,3
3470,4720,1
3471,4721,2
3472,4722,2
3473,4723,1
3474,4726,3
3475,4729,3
3476,4730,2
3477,4731,3
3478,4732,2
3479,4733,4
3480,4734,3
3481,4735,4
3482,4736,4
3483,4737,2
3484,4738,2
3485,4739,4
3486,4740,2
3487,4742,1
3488,4743,4
3489,4745,2
3490,4746,2
3491,4749,2
3492,4750,2
3493,4751,2
3494,4753,2
3495,4758,1
3496,4759,2
3497,4761,3
3498,4762,1
3499,4764,2
3500,4766,1
3501,4768,2
3502,4770,3
3503,4772,2
3504,4773,2
3505,4775,2
3506,4776,1
3507,4778,2
3508,4779,1
3509,4781,1
3510,4782,1
3511,4785,2
3512,4786,2
3513,4787,2
3514,4788,2
3515,4790,2
3516,4791,2
3517,4792,1
3518,4793,1
3519,4794,3
3520,4795,3
3521,4796,1
3522,4798,1
3523,4800,1
3524,4803,2
3525,4806,2
3526,4809,1
3527,4812,1
3528,4815,2
3529,4821,2
3530,4822,1
3531,4825,1
3532,4826,2
3533,4827,2
3534,4828,2
3535,4829,1
3536,4830,1
3537,4832,1
3538,4833,1
3539,4835,4
3540,4837,2
3541,4839,1
3542,4840,1
3543,4841,3
3544,4842,2
3545,4845,2
3546,4847,1
3547,4849,1
3548,4858,1
3549,4861,1
3550,4865,1
3551,4866,3
3552,4867,1
3553,4869,1
3554,4871,1
3555,4872,3
3556,4873,3
3557,4874,3
3558,4876,1
3559,4877,1
3560,4878,1
3561,4879,1
3562,4880,1
3563,4881,1
3564,4882,1
3565,4883,2
3566,4884,1
3567,4885,2
3568,4887,2
3569,4889,2
3570,4893,2
3571,4894,1
3572,4896,1
3573,4897,2
3574,4899,2
3575,4901,1
3576,4903,2
3577,4906,2
3578,4907,1
3579,4909,1
3580,4911,1
3581,4912,3
3582,4914,1
3583,4915,1
3584,4916,1
3585,4917,1
3586,4918,3
3587,4919,3
3588,4920,1
3589,4921,2
3590,4922,2
3591,4923,4
3592,4924,1
3593,4925,3
3594,4929,2
3595,4931,2
3596,4932,1
3597,4933,1
3598,4937,2
3599,4938,3
3600,4939,1
3601,4940,1
3602,4941,2
3603,4942,2
3604,4944,1
3605,4945,1
3606,4946,3
3607,4947,2
3608,4948,4
3609,4949,2
3610,4951,2
3611,4952,1
3612,4954,3
3613,4955,2
3614,4956,1
3615,4961,1
3616,4962,1
3617,4963,1
3618,4965,2
3619,4966,1
3620,4967,1
3621,4968,1
3622,4971,3
3623,4972,1
3624,4973,1
3625,4976,1
3626,4979,1
3627,4981,2
3628,4983,3
3629,4984,3
3630,4985,3
3631,4989,2
3632,4991,2
3633,4992,2
3634,4993,2
3635,4994,2
3636,4995,2
3637,4996,1
3638,4997,1
3639,4998,1
3640,5000,2
3641,5001,1
3642,5003,1
3643,5004,3
3644,5006,1
3645,5008,1
3646,5009,1
3647,5011,1
3648,5012,3
3649,5013,3
3650,5014,2
3651,5015,2
3652,5016,2
3653,5017,1
3654,5018,1
3655,5020,1
3656,5021,4
3657,5022,1
3658,5023,3
3659,5024,6
3660,5027,2
3661,5029,3
3662,5032,1
3663,5033,3
3664,5034,4
3665,5036,2
3666,5037,2
3667,5039,1
3668,5043,7
3669,5044,1
3670,5045,2
3671,5047,1
3672,5048,1
3673,5049,1
3674,5050,1
3675,5051,1
3676,5053,1
3677,5056,1
3678,5057,1
3679,5058,1
3680,5059,1
3681,5060,1
3682,5061,1
3683,5062,1
3684,5063,2
3685,5064,2
3686,5065,3
3687,5066,1
3688,5067,2
3689,5068,2
3690,5069,2
3691,5070,3
3692,5073,5
3693,5074,2
3694,5075,1
3695,5076,1
3696,5078,3
3697,5079,1
3698,5080,3
3699,5081,2
3700,5082,2
3701,5083,2
3702,5084,2
3703,5085,2
3704,5086,2
3705,5088,4
3706,5090,2
3707,5091,1
3708,5092,2
3709,5093,1
3710,5094,1
3711,5100,2
3712,5101,2
3713,5103,4
3714,5104,2
3715,5106,3
3716,5109,1
3717,5110,2
3718,5111,2
3719,5112,1
3720,5114,1
3721,5115,1
3722,5116,1
3723,5117,1
3724,5118,1
3725,5119,1
3726,5120,1
3727,5121,1
3728,5122,1
3729,5123,2
3730,5124,1
3731,5125,1
3732,5126,4
3733,5127,2
3734,5132,2
3735,5134,2
3736,5135,1
3737,5136,2
3738,5137,1
3739,5138,5
3740,5139,1
3741,5140,3
3742,5141,1
3743,5143,2
3744,5144,1
3745,5145,2
3746,5148,2
3747,5149,1
3748,5150,1
3749,5152,4
3750,5153,2
3751,5154,1
3752,5155,1
3753,5158,2
3754,5161,2
3755,5163,1
3756,5164,1
3757,5170,1
3758,5171,2
3759,5172,2
3760,5174,1
3761,5175,1
3762,5176,1
3763,5177,1
3764,5178,1
3765,5179,1
3766,5181,2
3767,5183,2
3768,5184,1
3769,5187,1
3770,5188,1
3771,5189,1
3772,5191,1
3773,5192,1
3774,5193,1
3775,5194,3
3776,5195,1
3777,5196,2
3778,5197,1
3779,5200,1
3780,5201,1
3781,5202,1
3782,5204,1
3783,5205,1
3784,5206,1
3785,5207,2
3786,5209,2
3787,5210,4
3788,5211,4
3789,5212,4
3790,5213,4
3791,5214,1
3792,5215,1
3793,5216,1
3794,5217,2
3795,5218,1
3796,5219,2
3797,5221,1
3798,5223,2
3799,5225,2
3800,5229,2
3801,5230,1
3802,5231,1
3803,5233,1
3804,5234,2
3805,5235,2
3806,5239,1
3807,5240,1
3808,5241,1
3809,5242,1
3810,5243,1
3811,5244,1
3812,5245,1
3813,5246,1
3814,5247,1
3815,5250,2
3816,5252,3
3817,5253,1
3818,5254,1
3819,5256,2
3820,5257,4
3821,5259,2
3822,5263,1
3823,5264,5
3824,5265,5
3825,5266,4
3826,5269,2
3827,5270,2
3828,5272,3
3829,5273,3
3830,5277,1
3831,5278,2
3832,5279,2
3833,5280,5
3834,5281,1
3835,5282,2
3836,5283,2
3837,5285,1
3838,5286,1
3839,5287,3
3840,5289,2
3841,5291,1
3842,5293,1
3843,5294,2
3844,5296,5
3845,5297,2
3846,5298,2
3847,5299,2
3848,5300,2
3849,5301,2
3850,5302,2
3851,5303,2
3852,5304,2
3853,5305,2
3854,5306,2
3855,5307,2
3856,5308,2
3857,5309,2
3858,5310,2
3859,5311,2
3860,5312,2
3861,5313,1
3862,5314,1
3863,5315,1
3864,5317,3
3865,5319,2
3866,5320,2
3867,5322,2
3868,5323,1
3869,5324,1
3870,5325,4
3871,5326,2
3872,5327,2
3873,5328,2
3874,5329,2
3875,5330,2
3876,5331,2
3877,5332,2
3878,5333,3
3879,5334,1
3880,5336,4
3881,5337,1
3882,5338,1
3883,5341,2
3884,5342,2
3885,5343,2
3886,5344,1
3887,5345,1
3888,5346,4
3889,5347,2
3890,5348,2
3891,5349,2
3892,5350,2
3893,5351,4
3894,5352,4
3895,5355,1
3896,5357,1
3897,5358,2
3898,5359,2
3899,5362,3
3900,5363,1
3901,5364,2
3902,5365,2
3903,5366,2
3904,5367,2
3905,5368,1
3906,5369,2
3907,5370,2
3908,5371,2
3909,5372,1
3910,5373,2
3911,5374,1
3912,5384,1
3913,5385,1
3914,5387,1
3915,5388,1
3916,5389,1
3917,5390,1
3918,5391,1
3919,5392,1
3920,5393,1
3921,5394,1
3922,5395,1
3923,5396,5
3924,5397,5
3925,5398,4
3926,5399,4
3927,5403,1
3928,5406,1
3929,5407,5
3930,5409,1
3931,5412,1
3932,5419,4
3933,5421,1
3934,5424,1
3935,5425,1
3936,5426,3
3937,5428,1
3938,5429,4
3939,5432,1
3940,5433,1
3941,5436,2
3942,5453,1
3943,5454,2
3944,5455,1
3945,5456,2
3946,5457,2
3947,5459,2
3948,5460,2
3949,5462,2
3950,5463,4
3951,5465,1
3952,5466,4
3953,5467,2
3954,5471,2
3955,5472,4
3956,5473,2
3957,5478,1
3958,5481,5
3959,5482,2
3960,5483,2
3961,5484,2
3962,5485,2
3963,5486,2
3964,5487,2
3965,5488,2
3966,5489,2
3967,5490,2
3968,5491,2
3969,5492,2
3970,5493,2
3971,5494,2
3972,5495,2
3973,5496,1
3974,5497,1
3975,5498,1
3976,5501,5
3977,5503,1
3978,5508,3
3979,5509,3
3980,5510,3
3981,5511,3
3982,5512,3
